{
  "data": {
    "data": "value-842"
  },
  "expires": 1759706902.2122161,
  "created": 1759703302.212224
}