{
  "data": {
    "data": "value-1077"
  },
  "expires": 1759706902.271182,
  "created": 1759703302.27119
}