{
  "data": {
    "data": "value-156"
  },
  "expires": 1759706902.03581,
  "created": 1759703302.035818
}