{
  "data": {
    "data": "value-1822"
  },
  "expires": 1759706902.466114,
  "created": 1759703302.466122
}