{
  "data": {
    "data": "value-29"
  },
  "expires": 1759706902.002676,
  "created": 1759703302.0026839
}