{
  "data": {
    "data": "value-740"
  },
  "expires": 1759706902.186045,
  "created": 1759703302.186054
}