{
  "data": {
    "data": "value-1283"
  },
  "expires": 1759706902.322918,
  "created": 1759703302.322927
}