{
  "data": {
    "data": "value-430"
  },
  "expires": 1759706902.106534,
  "created": 1759703302.106542
}