{
  "data": {
    "data": "value-964"
  },
  "expires": 1759706902.242816,
  "created": 1759703302.242825
}