{
  "data": {
    "data": "value-636"
  },
  "expires": 1759706902.1587899,
  "created": 1759703302.1587992
}