{
  "data": {
    "data": "value-974"
  },
  "expires": 1759706902.2457259,
  "created": 1759703302.245734
}