{
  "data": {
    "data": "value-501"
  },
  "expires": 1759706902.1250958,
  "created": 1759703302.125105
}