{
  "data": {
    "data": "value-1530"
  },
  "expires": 1759706902.3856761,
  "created": 1759703302.385684
}