{
  "data": {
    "data": "value-1577"
  },
  "expires": 1759706902.397978,
  "created": 1759703302.397985
}