{
  "data": {
    "data": "value-1196"
  },
  "expires": 1759706902.301394,
  "created": 1759703302.3014028
}