{
  "data": {
    "data": "value-41"
  },
  "expires": 1759706902.005634,
  "created": 1759703302.005642
}