{
  "data": {
    "data": "value-1236"
  },
  "expires": 1759706902.311552,
  "created": 1759703302.311562
}