{
  "data": {
    "data": "value-1833"
  },
  "expires": 1759706902.468679,
  "created": 1759703302.468687
}