{
  "data": {
    "data": "value-707"
  },
  "expires": 1759706902.177887,
  "created": 1759703302.177896
}