{
  "data": {
    "data": "value-1321"
  },
  "expires": 1759706902.332909,
  "created": 1759703302.332917
}