{
  "data": {
    "data": "value-1584"
  },
  "expires": 1759706902.399755,
  "created": 1759703302.399764
}