{
  "data": {
    "data": "value-644"
  },
  "expires": 1759706902.161251,
  "created": 1759703302.1612601
}