{
  "data": {
    "data": "value-1018"
  },
  "expires": 1759706902.256347,
  "created": 1759703302.256355
}