{
  "data": {
    "data": "value-1257"
  },
  "expires": 1759706902.31669,
  "created": 1759703302.316698
}