{
  "data": {
    "data": "value-1523"
  },
  "expires": 1759706902.384056,
  "created": 1759703302.384064
}