{
  "data": {
    "data": "value-1060"
  },
  "expires": 1759706902.267136,
  "created": 1759703302.267144
}