{
  "data": {
    "data": "value-1647"
  },
  "expires": 1759706902.415754,
  "created": 1759703302.415762
}