{
  "data": {
    "data": "value-1819"
  },
  "expires": 1759706902.4654138,
  "created": 1759703302.4654222
}