{
  "data": {
    "data": "value-576"
  },
  "expires": 1759706902.144228,
  "created": 1759703302.144236
}