{
  "data": {
    "data": "value-1428"
  },
  "expires": 1759706902.3597782,
  "created": 1759703302.359786
}