{
  "data": {
    "data": "value-695"
  },
  "expires": 1759706902.174161,
  "created": 1759703302.17417
}