{
  "data": {
    "data": "value-1400"
  },
  "expires": 1759706902.352906,
  "created": 1759703302.352959
}