{
  "data": {
    "data": "value-122"
  },
  "expires": 1759706902.0261319,
  "created": 1759703302.02614
}