{
  "data": {
    "data": "value-1648"
  },
  "expires": 1759706902.415987,
  "created": 1759703302.415995
}