{
  "data": {
    "data": "value-322"
  },
  "expires": 1759706902.079147,
  "created": 1759703302.079156
}