{
  "data": {
    "data": "value-1068"
  },
  "expires": 1759706902.26898,
  "created": 1759703302.268988
}