{
  "data": {
    "data": "value-1112"
  },
  "expires": 1759706902.280225,
  "created": 1759703302.280233
}