{
  "data": {
    "data": "value-1259"
  },
  "expires": 1759706902.3171468,
  "created": 1759703302.3171551
}