{
  "data": {
    "data": "value-1369"
  },
  "expires": 1759706902.3455338,
  "created": 1759703302.345542
}