{
  "data": {
    "data": "value-521"
  },
  "expires": 1759706902.1302881,
  "created": 1759703302.130296
}