{
  "data": {
    "data": "value-653"
  },
  "expires": 1759706902.16367,
  "created": 1759703302.163679
}