{
  "data": {
    "data": "value-862"
  },
  "expires": 1759706902.2170591,
  "created": 1759703302.217067
}