{
  "data": {
    "data": "value-607"
  },
  "expires": 1759706902.151905,
  "created": 1759703302.151913
}