{
  "data": {
    "data": "value-1882"
  },
  "expires": 1759706902.481129,
  "created": 1759703302.4811368
}