{
  "data": {
    "data": "value-1414"
  },
  "expires": 1759706902.356375,
  "created": 1759703302.356383
}