{
  "data": {
    "data": "value-852"
  },
  "expires": 1759706902.214769,
  "created": 1759703302.2147782
}