{
  "data": {
    "data": "value-82"
  },
  "expires": 1759706902.016605,
  "created": 1759703302.016613
}