{
  "data": {
    "data": "value-588"
  },
  "expires": 1759706902.147273,
  "created": 1759703302.147281
}