{
  "data": {
    "data": "value-935"
  },
  "expires": 1759706902.235363,
  "created": 1759703302.23537
}