{
  "data": {
    "data": "value-348"
  },
  "expires": 1759706902.0856252,
  "created": 1759703302.085633
}