{
  "data": {
    "data": "value-1748"
  },
  "expires": 1759706902.44181,
  "created": 1759703302.441818
}