{
  "data": {
    "data": "value-1378"
  },
  "expires": 1759706902.347868,
  "created": 1759703302.347876
}