{
  "data": {
    "data": "value-456"
  },
  "expires": 1759706902.1138308,
  "created": 1759703302.1138391
}