{
  "data": {
    "data": "value-1404"
  },
  "expires": 1759706902.353961,
  "created": 1759703302.3539689
}