{
  "data": {
    "data": "value-1734"
  },
  "expires": 1759706902.4381351,
  "created": 1759703302.438145
}