{
  "data": {
    "data": "value-1941"
  },
  "expires": 1759706902.496392,
  "created": 1759703302.496402
}