{
  "data": {
    "data": "value-1350"
  },
  "expires": 1759706902.339844,
  "created": 1759703302.339853
}