{
  "data": {
    "data": "value-982"
  },
  "expires": 1759706902.247595,
  "created": 1759703302.247603
}