{
  "data": {
    "data": "value-1600"
  },
  "expires": 1759706902.4036381,
  "created": 1759703302.4036858
}