{
  "data": {
    "data": "value-1620"
  },
  "expires": 1759706902.408818,
  "created": 1759703302.4088268
}