{
  "data": {
    "data": "value-715"
  },
  "expires": 1759706902.1799839,
  "created": 1759703302.1799932
}