{
  "data": {
    "data": "value-1908"
  },
  "expires": 1759706902.487422,
  "created": 1759703302.4874299
}