{
  "data": {
    "data": "value-1194"
  },
  "expires": 1759706902.30093,
  "created": 1759703302.300938
}