{
  "data": {
    "data": "value-1859"
  },
  "expires": 1759706902.474783,
  "created": 1759703302.4747908
}