{
  "data": {
    "data": "value-1083"
  },
  "expires": 1759706902.272563,
  "created": 1759703302.2725708
}