{
  "data": {
    "data": "value-197"
  },
  "expires": 1759706902.047123,
  "created": 1759703302.0471308
}