{
  "data": {
    "data": "value-655"
  },
  "expires": 1759706902.164138,
  "created": 1759703302.164146
}