{
  "data": {
    "data": "value-592"
  },
  "expires": 1759706902.148221,
  "created": 1759703302.1482298
}