{
  "data": {
    "data": "value-1896"
  },
  "expires": 1759706902.484565,
  "created": 1759703302.484573
}