{
  "data": {
    "data": "value-1759"
  },
  "expires": 1759706902.4450612,
  "created": 1759703302.44507
}