{
  "data": {
    "data": "value-1210"
  },
  "expires": 1759706902.304812,
  "created": 1759703302.30482
}