{
  "data": {
    "data": "value-1486"
  },
  "expires": 1759706902.3745291,
  "created": 1759703302.374537
}