{
  "data": {
    "data": "value-1382"
  },
  "expires": 1759706902.348785,
  "created": 1759703302.348793
}