{
  "data": {
    "data": "value-1723"
  },
  "expires": 1759706902.4355369,
  "created": 1759703302.4355452
}