{
  "data": {
    "data": "value-453"
  },
  "expires": 1759706902.113125,
  "created": 1759703302.1131341
}