{
  "data": {
    "data": "value-1390"
  },
  "expires": 1759706902.350622,
  "created": 1759703302.3506298
}