{
  "data": {
    "data": "value-1871"
  },
  "expires": 1759706902.478344,
  "created": 1759703302.478354
}