{
  "data": {
    "data": "value-901"
  },
  "expires": 1759706902.227057,
  "created": 1759703302.227067
}