{
  "data": {
    "data": "value-12"
  },
  "expires": 1759706901.9984682,
  "created": 1759703301.998476
}