{
  "data": {
    "data": "value-34"
  },
  "expires": 1759706902.0038989,
  "created": 1759703302.0039082
}