{
  "data": {
    "data": "value-818"
  },
  "expires": 1759706902.2057412,
  "created": 1759703302.205749
}