{
  "data": {
    "data": "value-1845"
  },
  "expires": 1759706902.471545,
  "created": 1759703302.471553
}