{
  "data": {
    "data": "value-276"
  },
  "expires": 1759706902.066677,
  "created": 1759703302.066685
}