{
  "data": {
    "data": "value-1993"
  },
  "expires": 1759706902.509331,
  "created": 1759703302.5093389
}