{
  "data": {
    "data": "value-807"
  },
  "expires": 1759706902.203008,
  "created": 1759703302.203016
}