{
  "data": {
    "data": "value-230"
  },
  "expires": 1759706902.054923,
  "created": 1759703302.054931
}