{
  "data": {
    "data": "value-1843"
  },
  "expires": 1759706902.470998,
  "created": 1759703302.471006
}