{
  "data": {
    "data": "value-270"
  },
  "expires": 1759706902.065274,
  "created": 1759703302.065283
}