{
  "data": {
    "data": "value-1809"
  },
  "expires": 1759706902.462563,
  "created": 1759703302.462579
}