{
  "data": {
    "data": "value-1847"
  },
  "expires": 1759706902.47201,
  "created": 1759703302.472018
}