{
  "data": {
    "data": "value-1869"
  },
  "expires": 1759706902.477814,
  "created": 1759703302.477823
}