{
  "data": {
    "data": "value-1977"
  },
  "expires": 1759706902.505188,
  "created": 1759703302.505196
}