{
  "data": {
    "data": "value-236"
  },
  "expires": 1759706902.056299,
  "created": 1759703302.0563068
}