{
  "data": {
    "data": "value-1423"
  },
  "expires": 1759706902.358579,
  "created": 1759703302.3585868
}