{
  "data": {
    "data": "value-1880"
  },
  "expires": 1759706902.480653,
  "created": 1759703302.480661
}