{
  "data": {
    "data": "value-659"
  },
  "expires": 1759706902.1651971,
  "created": 1759703302.165205
}