{
  "data": {
    "data": "value-100"
  },
  "expires": 1759706902.020973,
  "created": 1759703302.020981
}