{
  "data": {
    "data": "value-179"
  },
  "expires": 1759706902.041559,
  "created": 1759703302.041568
}