{
  "data": {
    "data": "value-645"
  },
  "expires": 1759706902.161506,
  "created": 1759703302.161515
}