{
  "data": {
    "data": "value-213"
  },
  "expires": 1759706902.050884,
  "created": 1759703302.050892
}