{
  "data": {
    "data": "value-373"
  },
  "expires": 1759706902.091864,
  "created": 1759703302.091872
}