{
  "data": {
    "data": "value-751"
  },
  "expires": 1759706902.188755,
  "created": 1759703302.1887639
}