{
  "data": {
    "data": "value-1501"
  },
  "expires": 1759706902.378686,
  "created": 1759703302.3786938
}