{
  "data": {
    "data": "value-737"
  },
  "expires": 1759706902.185355,
  "created": 1759703302.185363
}