{
  "data": {
    "data": "value-1327"
  },
  "expires": 1759706902.334378,
  "created": 1759703302.3343859
}