{
  "data": {
    "data": "value-932"
  },
  "expires": 1759706902.234687,
  "created": 1759703302.234695
}