{
  "data": {
    "data": "value-1437"
  },
  "expires": 1759706902.362845,
  "created": 1759703302.362853
}