{
  "data": {
    "data": "value-1590"
  },
  "expires": 1759706902.401128,
  "created": 1759703302.4011352
}