{
  "data": {
    "data": "value-1360"
  },
  "expires": 1759706902.342609,
  "created": 1759703302.3426182
}