{
  "data": {
    "data": "value-1636"
  },
  "expires": 1759706902.413167,
  "created": 1759703302.413175
}