{
  "data": {
    "data": "value-508"
  },
  "expires": 1759706902.126805,
  "created": 1759703302.126814
}