{
  "data": {
    "data": "value-1653"
  },
  "expires": 1759706902.4171782,
  "created": 1759703302.417187
}