{
  "data": {
    "data": "value-850"
  },
  "expires": 1759706902.2142878,
  "created": 1759703302.214296
}