{
  "data": {
    "data": "value-1198"
  },
  "expires": 1759706902.30195,
  "created": 1759703302.3019578
}