{
  "data": {
    "data": "value-680"
  },
  "expires": 1759706902.170323,
  "created": 1759703302.1703308
}