{
  "data": {
    "data": "value-1775"
  },
  "expires": 1759706902.4489532,
  "created": 1759703302.448961
}