{
  "data": {
    "data": "value-995"
  },
  "expires": 1759706902.250686,
  "created": 1759703302.2506938
}