{
  "data": {
    "data": "value-615"
  },
  "expires": 1759706902.153734,
  "created": 1759703302.153742
}