{
  "data": {
    "data": "value-812"
  },
  "expires": 1759706902.204202,
  "created": 1759703302.2042098
}