{
  "data": {
    "data": "value-1671"
  },
  "expires": 1759706902.42204,
  "created": 1759703302.422048
}