{
  "data": {
    "data": "value-260"
  },
  "expires": 1759706902.0627131,
  "created": 1759703302.062721
}