{
  "data": {
    "data": "value-732"
  },
  "expires": 1759706902.1841779,
  "created": 1759703302.184187
}