{
  "data": {
    "data": "value-288"
  },
  "expires": 1759706902.0694668,
  "created": 1759703302.0694752
}