{
  "data": {
    "data": "value-890"
  },
  "expires": 1759706902.224062,
  "created": 1759703302.2240698
}