{
  "data": {
    "data": "value-1271"
  },
  "expires": 1759706902.319895,
  "created": 1759703302.319903
}