{
  "data": {
    "data": "value-266"
  },
  "expires": 1759706902.0642078,
  "created": 1759703302.0642161
}