{
  "data": {
    "data": "value-616"
  },
  "expires": 1759706902.15396,
  "created": 1759703302.1539688
}