{
  "data": {
    "data": "value-178"
  },
  "expires": 1759706902.041321,
  "created": 1759703302.041329
}