{
  "data": {
    "data": "value-990"
  },
  "expires": 1759706902.249519,
  "created": 1759703302.249527
}