{
  "data": {
    "data": "value-1505"
  },
  "expires": 1759706902.379733,
  "created": 1759703302.379742
}