{
  "data": {
    "data": "value-853"
  },
  "expires": 1759706902.215007,
  "created": 1759703302.215015
}