{
  "data": {
    "data": "value-310"
  },
  "expires": 1759706902.075186,
  "created": 1759703302.0751948
}