{
  "data": {
    "data": "value-1189"
  },
  "expires": 1759706902.299708,
  "created": 1759703302.2997172
}