{
  "data": {
    "data": "value-1218"
  },
  "expires": 1759706902.306677,
  "created": 1759703302.306685
}