{
  "data": {
    "data": "value-551"
  },
  "expires": 1759706902.13779,
  "created": 1759703302.1377978
}