{
  "data": {
    "data": "value-1957"
  },
  "expires": 1759706902.50047,
  "created": 1759703302.500478
}