{
  "data": {
    "data": "value-1079"
  },
  "expires": 1759706902.271646,
  "created": 1759703302.271654
}