{
  "data": {
    "data": "value-365"
  },
  "expires": 1759706902.0898938,
  "created": 1759703302.0899022
}