{
  "data": {
    "data": "value-762"
  },
  "expires": 1759706902.1913521,
  "created": 1759703302.191361
}