{
  "data": {
    "data": "value-931"
  },
  "expires": 1759706902.234463,
  "created": 1759703302.2344708
}