{
  "data": {
    "data": "value-1592"
  },
  "expires": 1759706902.4015858,
  "created": 1759703302.4015942
}