{
  "data": {
    "data": "value-452"
  },
  "expires": 1759706902.1128352,
  "created": 1759703302.112844
}