{
  "data": {
    "data": "value-1333"
  },
  "expires": 1759706902.335775,
  "created": 1759703302.335783
}