{
  "data": {
    "data": "value-462"
  },
  "expires": 1759706902.1153831,
  "created": 1759703302.115392
}