{
  "data": {
    "data": "value-1766"
  },
  "expires": 1759706902.446837,
  "created": 1759703302.4468448
}