{
  "data": {
    "data": "value-813"
  },
  "expires": 1759706902.204462,
  "created": 1759703302.20447
}