{
  "data": {
    "data": "value-754"
  },
  "expires": 1759706902.189473,
  "created": 1759703302.189481
}