{
  "data": {
    "data": "value-1564"
  },
  "expires": 1759706902.394921,
  "created": 1759703302.394929
}