{
  "data": {
    "data": "value-1269"
  },
  "expires": 1759706902.319447,
  "created": 1759703302.319454
}