{
  "data": {
    "data": "value-1681"
  },
  "expires": 1759706902.424394,
  "created": 1759703302.424402
}