{
  "data": {
    "data": "value-234"
  },
  "expires": 1759706902.055846,
  "created": 1759703302.055854
}