{
  "data": {
    "data": "value-219"
  },
  "expires": 1759706902.052362,
  "created": 1759703302.0523698
}