{
  "data": {
    "data": "value-1010"
  },
  "expires": 1759706902.254231,
  "created": 1759703302.254238
}