{
  "data": {
    "data": "value-183"
  },
  "expires": 1759706902.0429912,
  "created": 1759703302.0430028
}