{
  "data": {
    "data": "value-1874"
  },
  "expires": 1759706902.4791832,
  "created": 1759703302.479191
}