{
  "data": {
    "data": "value-39"
  },
  "expires": 1759706902.005145,
  "created": 1759703302.005153
}