{
  "data": {
    "data": "value-40"
  },
  "expires": 1759706902.0054002,
  "created": 1759703302.005408
}