{
  "data": {
    "data": "value-89"
  },
  "expires": 1759706902.018274,
  "created": 1759703302.018282
}