{
  "data": {
    "data": "value-129"
  },
  "expires": 1759706902.0286999,
  "created": 1759703302.0287092
}