{
  "data": {
    "data": "value-1055"
  },
  "expires": 1759706902.265954,
  "created": 1759703302.265963
}