{
  "data": {
    "data": "value-1768"
  },
  "expires": 1759706902.447317,
  "created": 1759703302.447325
}