{
  "data": {
    "data": "value-1419"
  },
  "expires": 1759706902.357627,
  "created": 1759703302.3576362
}