{
  "data": {
    "data": "value-1720"
  },
  "expires": 1759706902.434788,
  "created": 1759703302.434798
}