{
  "data": {
    "data": "value-1023"
  },
  "expires": 1759706902.2575371,
  "created": 1759703302.257545
}