{
  "data": {
    "data": "value-526"
  },
  "expires": 1759706902.131467,
  "created": 1759703302.131475
}