{
  "data": {
    "data": "value-231"
  },
  "expires": 1759706902.055159,
  "created": 1759703302.055167
}