{
  "data": {
    "data": "value-1465"
  },
  "expires": 1759706902.369447,
  "created": 1759703302.369455
}