{
  "data": {
    "data": "value-1828"
  },
  "expires": 1759706902.467515,
  "created": 1759703302.467523
}