{
  "data": {
    "data": "value-1004"
  },
  "expires": 1759706902.2528262,
  "created": 1759703302.252834
}