{
  "data": {
    "data": "value-966"
  },
  "expires": 1759706902.2437491,
  "created": 1759703302.243775
}