{
  "data": {
    "data": "value-955"
  },
  "expires": 1759706902.240354,
  "created": 1759703302.2403631
}