{
  "data": {
    "data": "value-1024"
  },
  "expires": 1759706902.257785,
  "created": 1759703302.2577941
}