{
  "data": {
    "data": "value-53"
  },
  "expires": 1759706902.008748,
  "created": 1759703302.008756
}