{
  "data": {
    "data": "value-1888"
  },
  "expires": 1759706902.482528,
  "created": 1759703302.4825358
}