{
  "data": {
    "data": "value-1983"
  },
  "expires": 1759706902.506739,
  "created": 1759703302.5067468
}