{
  "data": {
    "data": "value-719"
  },
  "expires": 1759706902.181011,
  "created": 1759703302.18102
}