{
  "data": {
    "data": "value-286"
  },
  "expires": 1759706902.0690088,
  "created": 1759703302.0690172
}