{
  "data": {
    "data": "value-647"
  },
  "expires": 1759706902.161985,
  "created": 1759703302.161993
}