{
  "data": {
    "data": "value-305"
  },
  "expires": 1759706902.073807,
  "created": 1759703302.073817
}