{
  "data": {
    "data": "value-70"
  },
  "expires": 1759706902.0136378,
  "created": 1759703302.0136461
}