{
  "data": {
    "data": "value-454"
  },
  "expires": 1759706902.1133661,
  "created": 1759703302.113374
}