{
  "data": {
    "data": "value-1135"
  },
  "expires": 1759706902.2862122,
  "created": 1759703302.286221
}