{
  "data": {
    "data": "value-1338"
  },
  "expires": 1759706902.336931,
  "created": 1759703302.336939
}