{
  "data": {
    "data": "value-1602"
  },
  "expires": 1759706902.404151,
  "created": 1759703302.404159
}