{
  "data": {
    "data": "value-477"
  },
  "expires": 1759706902.1191318,
  "created": 1759703302.119141
}