{
  "data": {
    "data": "value-198"
  },
  "expires": 1759706902.04737,
  "created": 1759703302.0473778
}