{
  "data": {
    "data": "value-84"
  },
  "expires": 1759706902.017065,
  "created": 1759703302.017073
}