{
  "data": {
    "data": "value-1255"
  },
  "expires": 1759706902.316227,
  "created": 1759703302.316235
}