{
  "data": {
    "data": "value-1729"
  },
  "expires": 1759706902.436952,
  "created": 1759703302.43696
}