{
  "data": {
    "data": "value-261"
  },
  "expires": 1759706902.0629492,
  "created": 1759703302.062958
}