{
  "data": {
    "data": "value-1834"
  },
  "expires": 1759706902.468908,
  "created": 1759703302.468916
}