{
  "data": {
    "data": "value-810"
  },
  "expires": 1759706902.203726,
  "created": 1759703302.203734
}