{
  "data": {
    "data": "value-1297"
  },
  "expires": 1759706902.3263628,
  "created": 1759703302.326373
}