{
  "data": {
    "data": "value-1887"
  },
  "expires": 1759706902.4822972,
  "created": 1759703302.482305
}