{
  "data": {
    "data": "value-1177"
  },
  "expires": 1759706902.29682,
  "created": 1759703302.2968278
}