{
  "data": {
    "data": "value-1316"
  },
  "expires": 1759706902.3317409,
  "created": 1759703302.3317492
}