{
  "data": {
    "data": "value-1504"
  },
  "expires": 1759706902.379473,
  "created": 1759703302.379482
}