{
  "data": {
    "data": "value-104"
  },
  "expires": 1759706902.0219631,
  "created": 1759703302.021971
}