{
  "data": {
    "data": "value-1113"
  },
  "expires": 1759706902.280475,
  "created": 1759703302.2804842
}