{
  "data": {
    "data": "value-238"
  },
  "expires": 1759706902.0567622,
  "created": 1759703302.0567691
}