{
  "data": {
    "data": "value-623"
  },
  "expires": 1759706902.155676,
  "created": 1759703302.1556852
}