{
  "data": {
    "data": "value-872"
  },
  "expires": 1759706902.219658,
  "created": 1759703302.219667
}