{
  "data": {
    "data": "value-492"
  },
  "expires": 1759706902.122911,
  "created": 1759703302.1229188
}