{
  "data": {
    "data": "value-1337"
  },
  "expires": 1759706902.336697,
  "created": 1759703302.336705
}