{
  "data": {
    "data": "value-1290"
  },
  "expires": 1759706902.3245409,
  "created": 1759703302.3245492
}