{
  "data": {
    "data": "value-1063"
  },
  "expires": 1759706902.267829,
  "created": 1759703302.2678359
}