{
  "data": {
    "data": "value-1813"
  },
  "expires": 1759706902.463681,
  "created": 1759703302.46369
}