{
  "data": {
    "data": "value-146"
  },
  "expires": 1759706902.0332842,
  "created": 1759703302.033293
}