{
  "data": {
    "data": "value-598"
  },
  "expires": 1759706902.1496902,
  "created": 1759703302.149699
}