{
  "data": {
    "data": "value-352"
  },
  "expires": 1759706902.086541,
  "created": 1759703302.086549
}