{
  "data": {
    "data": "value-1959"
  },
  "expires": 1759706902.5009348,
  "created": 1759703302.5009432
}