{
  "data": {
    "data": "value-444"
  },
  "expires": 1759706902.110668,
  "created": 1759703302.110677
}