{
  "data": {
    "data": "value-1168"
  },
  "expires": 1759706902.294626,
  "created": 1759703302.294635
}