{
  "data": {
    "data": "value-1601"
  },
  "expires": 1759706902.403917,
  "created": 1759703302.4039261
}