{
  "data": {
    "data": "value-1110"
  },
  "expires": 1759706902.279721,
  "created": 1759703302.279729
}