{
  "data": {
    "data": "value-1936"
  },
  "expires": 1759706902.495053,
  "created": 1759703302.495063
}