{
  "data": {
    "data": "value-1629"
  },
  "expires": 1759706902.411398,
  "created": 1759703302.411406
}