{
  "data": {
    "data": "value-1545"
  },
  "expires": 1759706902.389738,
  "created": 1759703302.3897479
}