{
  "data": {
    "data": "value-1247"
  },
  "expires": 1759706902.3142989,
  "created": 1759703302.314307
}