{
  "data": {
    "data": "value-1872"
  },
  "expires": 1759706902.478612,
  "created": 1759703302.478621
}