{
  "data": {
    "data": "value-280"
  },
  "expires": 1759706902.067616,
  "created": 1759703302.0676239
}