{
  "data": {
    "data": "value-116"
  },
  "expires": 1759706902.0247319,
  "created": 1759703302.02474
}