{
  "data": {
    "data": "value-1751"
  },
  "expires": 1759706902.442532,
  "created": 1759703302.44254
}