{
  "data": {
    "data": "value-1454"
  },
  "expires": 1759706902.366817,
  "created": 1759703302.3668249
}