{
  "data": {
    "data": "value-318"
  },
  "expires": 1759706902.077997,
  "created": 1759703302.078007
}