{
  "data": {
    "data": "value-1885"
  },
  "expires": 1759706902.4818292,
  "created": 1759703302.481837
}