{
  "data": {
    "data": "value-1040"
  },
  "expires": 1759706902.262352,
  "created": 1759703302.26236
}