{
  "data": {
    "data": "value-87"
  },
  "expires": 1759706902.017786,
  "created": 1759703302.0177941
}