{
  "data": {
    "data": "value-171"
  },
  "expires": 1759706902.039637,
  "created": 1759703302.039645
}