{
  "data": {
    "data": "value-918"
  },
  "expires": 1759706902.231452,
  "created": 1759703302.231461
}