{
  "data": {
    "data": "value-328"
  },
  "expires": 1759706902.080796,
  "created": 1759703302.080804
}