{
  "data": {
    "data": "value-847"
  },
  "expires": 1759706902.213577,
  "created": 1759703302.2135859
}