{
  "data": {
    "data": "value-1943"
  },
  "expires": 1759706902.496983,
  "created": 1759703302.496993
}