{
  "data": {
    "data": "value-704"
  },
  "expires": 1759706902.176926,
  "created": 1759703302.176936
}