{
  "data": {
    "data": "value-416"
  },
  "expires": 1759706902.102895,
  "created": 1759703302.102904
}