{
  "data": {
    "data": "value-174"
  },
  "expires": 1759706902.040353,
  "created": 1759703302.040362
}