{
  "data": {
    "data": "value-1094"
  },
  "expires": 1759706902.2752278,
  "created": 1759703302.2752361
}