{
  "data": {
    "data": "value-227"
  },
  "expires": 1759706902.054214,
  "created": 1759703302.054222
}