{
  "data": {
    "data": "value-175"
  },
  "expires": 1759706902.040586,
  "created": 1759703302.040595
}