{
  "data": {
    "data": "value-128"
  },
  "expires": 1759706902.028453,
  "created": 1759703302.0284622
}