{
  "data": {
    "data": "value-1785"
  },
  "expires": 1759706902.451417,
  "created": 1759703302.451426
}