{
  "data": {
    "data": "value-1556"
  },
  "expires": 1759706902.3923998,
  "created": 1759703302.3924081
}