{
  "data": {
    "data": "value-85"
  },
  "expires": 1759706902.017306,
  "created": 1759703302.01732
}