{
  "data": {
    "data": "value-1667"
  },
  "expires": 1759706902.420944,
  "created": 1759703302.420952
}