{
  "data": {
    "data": "value-906"
  },
  "expires": 1759706902.228377,
  "created": 1759703302.2283862
}