{
  "data": {
    "data": "value-1181"
  },
  "expires": 1759706902.29777,
  "created": 1759703302.2977788
}