{
  "data": {
    "data": "value-355"
  },
  "expires": 1759706902.087219,
  "created": 1759703302.0872269
}