{
  "data": {
    "data": "value-1361"
  },
  "expires": 1759706902.343049,
  "created": 1759703302.3430772
}