{
  "data": {
    "data": "value-308"
  },
  "expires": 1759706902.074647,
  "created": 1759703302.074655
}