{
  "data": {
    "data": "value-1662"
  },
  "expires": 1759706902.419723,
  "created": 1759703302.419731
}