{
  "data": {
    "data": "value-1314"
  },
  "expires": 1759706902.331268,
  "created": 1759703302.331276
}