{
  "data": {
    "data": "value-879"
  },
  "expires": 1759706902.22138,
  "created": 1759703302.221417
}