{
  "data": {
    "data": "value-1841"
  },
  "expires": 1759706902.47054,
  "created": 1759703302.470547
}