{
  "data": {
    "data": "value-841"
  },
  "expires": 1759706902.211977,
  "created": 1759703302.2119858
}