{
  "data": {
    "data": "value-1945"
  },
  "expires": 1759706902.497576,
  "created": 1759703302.4975848
}