{
  "data": {
    "data": "value-545"
  },
  "expires": 1759706902.1363578,
  "created": 1759703302.1363661
}