{
  "data": {
    "data": "value-943"
  },
  "expires": 1759706902.2372851,
  "created": 1759703302.237293
}