{
  "data": {
    "data": "value-831"
  },
  "expires": 1759706902.208999,
  "created": 1759703302.209007
}