{
  "data": {
    "data": "value-445"
  },
  "expires": 1759706902.110914,
  "created": 1759703302.110922
}