{
  "data": {
    "data": "value-735"
  },
  "expires": 1759706902.184881,
  "created": 1759703302.18489
}