{
  "data": {
    "data": "value-1461"
  },
  "expires": 1759706902.368524,
  "created": 1759703302.368532
}