{
  "data": {
    "data": "value-208"
  },
  "expires": 1759706902.049736,
  "created": 1759703302.049744
}