{
  "data": {
    "data": "value-1654"
  },
  "expires": 1759706902.417421,
  "created": 1759703302.41743
}