{
  "data": {
    "data": "value-1481"
  },
  "expires": 1759706902.373307,
  "created": 1759703302.373319
}