{
  "data": {
    "data": "value-154"
  },
  "expires": 1759706902.035327,
  "created": 1759703302.0353348
}