{
  "data": {
    "data": "value-1867"
  },
  "expires": 1759706902.477073,
  "created": 1759703302.477082
}