{
  "data": {
    "data": "value-820"
  },
  "expires": 1759706902.2062101,
  "created": 1759703302.206218
}