{
  "data": {
    "data": "value-176"
  },
  "expires": 1759706902.040837,
  "created": 1759703302.040846
}