{
  "data": {
    "data": "value-33"
  },
  "expires": 1759706902.003654,
  "created": 1759703302.003662
}