{
  "data": {
    "data": "value-958"
  },
  "expires": 1759706902.241302,
  "created": 1759703302.241311
}