{
  "data": {
    "data": "value-3"
  },
  "expires": 1759706901.996185,
  "created": 1759703301.996193
}