{
  "data": {
    "data": "value-840"
  },
  "expires": 1759706902.211736,
  "created": 1759703302.211745
}