{
  "data": {
    "data": "value-946"
  },
  "expires": 1759706902.2380118,
  "created": 1759703302.2380202
}