{
  "data": {
    "data": "value-16"
  },
  "expires": 1759706901.999423,
  "created": 1759703301.999431
}