{
  "data": {
    "data": "value-780"
  },
  "expires": 1759706902.196278,
  "created": 1759703302.196286
}