{
  "data": {
    "data": "value-662"
  },
  "expires": 1759706902.1659222,
  "created": 1759703302.16593
}