{
  "data": {
    "data": "value-11"
  },
  "expires": 1759706901.998225,
  "created": 1759703301.998233
}