{
  "data": {
    "data": "value-409"
  },
  "expires": 1759706902.10109,
  "created": 1759703302.101098
}