{
  "data": {
    "data": "value-968"
  },
  "expires": 1759706902.244299,
  "created": 1759703302.244308
}