{
  "data": {
    "data": "value-207"
  },
  "expires": 1759706902.049506,
  "created": 1759703302.049515
}