{
  "data": {
    "data": "value-205"
  },
  "expires": 1759706902.049045,
  "created": 1759703302.049053
}