{
  "data": {
    "data": "value-1179"
  },
  "expires": 1759706902.297292,
  "created": 1759703302.2972999
}