{
  "data": {
    "data": "value-1417"
  },
  "expires": 1759706902.357066,
  "created": 1759703302.357074
}