{
  "data": {
    "data": "value-797"
  },
  "expires": 1759706902.200594,
  "created": 1759703302.2006028
}