{
  "data": {
    "data": "value-27"
  },
  "expires": 1759706902.002195,
  "created": 1759703302.002203
}