{
  "data": {
    "data": "value-442"
  },
  "expires": 1759706902.1099331,
  "created": 1759703302.109945
}