{
  "data": {
    "data": "value-1258"
  },
  "expires": 1759706902.316919,
  "created": 1759703302.316927
}