{
  "data": {
    "data": "value-200"
  },
  "expires": 1759706902.0478542,
  "created": 1759703302.047862
}