{
  "data": {
    "data": "value-519"
  },
  "expires": 1759706902.1298208,
  "created": 1759703302.12983
}