{
  "data": {
    "data": "value-1232"
  },
  "expires": 1759706902.3104799,
  "created": 1759703302.3104918
}