{
  "data": {
    "data": "value-413"
  },
  "expires": 1759706902.1021109,
  "created": 1759703302.10212
}