{
  "data": {
    "data": "value-1324"
  },
  "expires": 1759706902.333597,
  "created": 1759703302.333605
}