{
  "data": {
    "data": "value-882"
  },
  "expires": 1759706902.222205,
  "created": 1759703302.222214
}