{
  "data": {
    "data": "value-1790"
  },
  "expires": 1759706902.452599,
  "created": 1759703302.452608
}