{
  "data": {
    "data": "value-1520"
  },
  "expires": 1759706902.38336,
  "created": 1759703302.383368
}