{
  "data": {
    "data": "value-1492"
  },
  "expires": 1759706902.375974,
  "created": 1759703302.375982
}