{
  "data": {
    "data": "value-428"
  },
  "expires": 1759706902.106051,
  "created": 1759703302.10606
}