{
  "data": {
    "data": "value-1394"
  },
  "expires": 1759706902.3515341,
  "created": 1759703302.351542
}