{
  "data": {
    "data": "value-1341"
  },
  "expires": 1759706902.337621,
  "created": 1759703302.3376288
}