{
  "data": {
    "data": "value-1804"
  },
  "expires": 1759706902.4561238,
  "created": 1759703302.4561331
}