{
  "data": {
    "data": "value-1991"
  },
  "expires": 1759706902.508853,
  "created": 1759703302.508862
}