{
  "data": {
    "data": "value-1800"
  },
  "expires": 1759706902.455072,
  "created": 1759703302.455125
}