{
  "data": {
    "data": "value-1403"
  },
  "expires": 1759706902.353728,
  "created": 1759703302.353736
}