{
  "data": {
    "data": "value-254"
  },
  "expires": 1759706902.061166,
  "created": 1759703302.061174
}