{
  "data": {
    "data": "value-1805"
  },
  "expires": 1759706902.456364,
  "created": 1759703302.456372
}