{
  "data": {
    "data": "value-828"
  },
  "expires": 1759706902.2083058,
  "created": 1759703302.2083142
}