{
  "data": {
    "data": "value-1615"
  },
  "expires": 1759706902.407535,
  "created": 1759703302.4075441
}