{
  "data": {
    "data": "value-1672"
  },
  "expires": 1759706902.422287,
  "created": 1759703302.422295
}