{
  "data": {
    "data": "value-1737"
  },
  "expires": 1759706902.438976,
  "created": 1759703302.4389849
}