{
  "data": {
    "data": "value-1825"
  },
  "expires": 1759706902.466804,
  "created": 1759703302.466812
}