{
  "data": {
    "data": "value-1622"
  },
  "expires": 1759706902.409332,
  "created": 1759703302.40934
}