{
  "data": {
    "data": "value-950"
  },
  "expires": 1759706902.239119,
  "created": 1759703302.239128
}