{
  "data": {
    "data": "value-333"
  },
  "expires": 1759706902.082011,
  "created": 1759703302.082019
}