{
  "data": {
    "data": "value-1397"
  },
  "expires": 1759706902.352211,
  "created": 1759703302.3522189
}