{
  "data": {
    "data": "value-1354"
  },
  "expires": 1759706902.3409762,
  "created": 1759703302.340986
}