{
  "data": {
    "data": "value-470"
  },
  "expires": 1759706902.117302,
  "created": 1759703302.11731
}