{
  "data": {
    "data": "value-654"
  },
  "expires": 1759706902.163904,
  "created": 1759703302.163913
}