{
  "data": {
    "data": "value-102"
  },
  "expires": 1759706902.021497,
  "created": 1759703302.021506
}