{
  "data": {
    "data": "value-1474"
  },
  "expires": 1759706902.3714828,
  "created": 1759703302.371491
}