{
  "data": {
    "data": "value-26"
  },
  "expires": 1759706902.001961,
  "created": 1759703302.0019689
}