{
  "data": {
    "data": "value-1072"
  },
  "expires": 1759706902.270016,
  "created": 1759703302.2700238
}