{
  "data": {
    "data": "value-1774"
  },
  "expires": 1759706902.448709,
  "created": 1759703302.448717
}