{
  "data": {
    "data": "value-920"
  },
  "expires": 1759706902.231911,
  "created": 1759703302.231919
}