{
  "data": {
    "data": "value-1502"
  },
  "expires": 1759706902.378936,
  "created": 1759703302.378944
}