{
  "data": {
    "data": "value-934"
  },
  "expires": 1759706902.235141,
  "created": 1759703302.2351491
}