{
  "data": {
    "data": "value-538"
  },
  "expires": 1759706902.1346009,
  "created": 1759703302.134611
}