{
  "data": {
    "data": "value-1219"
  },
  "expires": 1759706902.306911,
  "created": 1759703302.3069189
}