{
  "data": {
    "data": "value-1890"
  },
  "expires": 1759706902.482997,
  "created": 1759703302.4830039
}