{
  "data": {
    "data": "value-561"
  },
  "expires": 1759706902.140267,
  "created": 1759703302.140275
}