{
  "data": {
    "data": "value-1740"
  },
  "expires": 1759706902.4397929,
  "created": 1759703302.439801
}