{
  "data": {
    "data": "value-1421"
  },
  "expires": 1759706902.3581061,
  "created": 1759703302.358114
}