{
  "data": {
    "data": "value-1816"
  },
  "expires": 1759706902.464414,
  "created": 1759703302.464422
}