{
  "data": {
    "data": "value-45"
  },
  "expires": 1759706902.0065842,
  "created": 1759703302.006592
}