{
  "data": {
    "data": "value-1717"
  },
  "expires": 1759706902.433965,
  "created": 1759703302.433973
}