{
  "data": {
    "data": "value-1666"
  },
  "expires": 1759706902.420695,
  "created": 1759703302.420703
}