{
  "data": {
    "data": "value-1156"
  },
  "expires": 1759706902.29145,
  "created": 1759703302.2914581
}