{
  "data": {
    "data": "value-1124"
  },
  "expires": 1759706902.283413,
  "created": 1759703302.283421
}