{
  "data": {
    "data": "value-63"
  },
  "expires": 1759706902.011817,
  "created": 1759703302.011826
}