{
  "data": {
    "data": "value-1012"
  },
  "expires": 1759706902.254803,
  "created": 1759703302.2548108
}