{
  "data": {
    "data": "value-1942"
  },
  "expires": 1759706902.496681,
  "created": 1759703302.49669
}