{
  "data": {
    "data": "value-1106"
  },
  "expires": 1759706902.278715,
  "created": 1759703302.2787242
}