{
  "data": {
    "data": "value-1109"
  },
  "expires": 1759706902.279477,
  "created": 1759703302.279485
}