{
  "data": {
    "data": "value-410"
  },
  "expires": 1759706902.1013298,
  "created": 1759703302.1013381
}