{
  "data": {
    "data": "value-1966"
  },
  "expires": 1759706902.502518,
  "created": 1759703302.502526
}