{
  "data": {
    "data": "value-709"
  },
  "expires": 1759706902.1784372,
  "created": 1759703302.178446
}