{
  "data": {
    "data": "value-6"
  },
  "expires": 1759706901.996897,
  "created": 1759703301.9969049
}