{
  "data": {
    "data": "value-1103"
  },
  "expires": 1759706902.277942,
  "created": 1759703302.277951
}