{
  "data": {
    "data": "value-1053"
  },
  "expires": 1759706902.265491,
  "created": 1759703302.2654998
}