{
  "data": {
    "data": "value-874"
  },
  "expires": 1759706902.220137,
  "created": 1759703302.220145
}