{
  "data": {
    "data": "value-1912"
  },
  "expires": 1759706902.4884648,
  "created": 1759703302.4884732
}