{
  "data": {
    "data": "value-799"
  },
  "expires": 1759706902.201084,
  "created": 1759703302.201092
}