{
  "data": {
    "data": "value-1513"
  },
  "expires": 1759706902.381731,
  "created": 1759703302.381739
}