{
  "data": {
    "data": "value-1082"
  },
  "expires": 1759706902.2723331,
  "created": 1759703302.272341
}