{
  "data": {
    "data": "value-182"
  },
  "expires": 1759706902.042408,
  "created": 1759703302.0424168
}