{
  "data": {
    "data": "value-516"
  },
  "expires": 1759706902.129059,
  "created": 1759703302.129067
}