{
  "data": {
    "data": "value-1422"
  },
  "expires": 1759706902.358338,
  "created": 1759703302.358346
}