{
  "data": {
    "data": "value-916"
  },
  "expires": 1759706902.230869,
  "created": 1759703302.23088
}