{
  "data": {
    "data": "value-1211"
  },
  "expires": 1759706902.305045,
  "created": 1759703302.305053
}