{
  "data": {
    "data": "value-1962"
  },
  "expires": 1759706902.501612,
  "created": 1759703302.50162
}