{
  "data": {
    "data": "value-639"
  },
  "expires": 1759706902.1595461,
  "created": 1759703302.1595578
}