{
  "data": {
    "data": "value-1311"
  },
  "expires": 1759706902.330549,
  "created": 1759703302.3305569
}