{
  "data": {
    "data": "value-1960"
  },
  "expires": 1759706902.501158,
  "created": 1759703302.5011652
}