{
  "data": {
    "data": "value-1250"
  },
  "expires": 1759706902.315083,
  "created": 1759703302.315091
}