{
  "data": {
    "data": "value-1485"
  },
  "expires": 1759706902.3742862,
  "created": 1759703302.374294
}