{
  "data": {
    "data": "value-1320"
  },
  "expires": 1759706902.3326762,
  "created": 1759703302.332685
}