{
  "data": {
    "data": "value-1132"
  },
  "expires": 1759706902.285471,
  "created": 1759703302.2854788
}