{
  "data": {
    "data": "value-18"
  },
  "expires": 1759706901.9999108,
  "created": 1759703301.9999192
}