{
  "data": {
    "data": "value-381"
  },
  "expires": 1759706902.094363,
  "created": 1759703302.0943732
}