{
  "data": {
    "data": "value-675"
  },
  "expires": 1759706902.168997,
  "created": 1759703302.1690052
}