{
  "data": {
    "data": "value-1754"
  },
  "expires": 1759706902.443679,
  "created": 1759703302.44369
}