{
  "data": {
    "data": "value-1093"
  },
  "expires": 1759706902.274912,
  "created": 1759703302.274921
}