{
  "data": {
    "data": "value-1939"
  },
  "expires": 1759706902.495837,
  "created": 1759703302.4958458
}