{
  "data": {
    "data": "value-1261"
  },
  "expires": 1759706902.317601,
  "created": 1759703302.317609
}