{
  "data": {
    "data": "value-806"
  },
  "expires": 1759706902.202771,
  "created": 1759703302.20278
}