{
  "data": {
    "data": "value-1134"
  },
  "expires": 1759706902.285971,
  "created": 1759703302.28598
}