{
  "data": {
    "data": "value-1851"
  },
  "expires": 1759706902.4729228,
  "created": 1759703302.4729311
}