{
  "data": {
    "data": "value-671"
  },
  "expires": 1759706902.1680582,
  "created": 1759703302.168067
}