{
  "data": {
    "data": "value-162"
  },
  "expires": 1759706902.0372422,
  "created": 1759703302.03725
}