{
  "data": {
    "data": "value-1178"
  },
  "expires": 1759706902.29706,
  "created": 1759703302.297068
}