{
  "data": {
    "data": "value-487"
  },
  "expires": 1759706902.121731,
  "created": 1759703302.12174
}