{
  "data": {
    "data": "value-121"
  },
  "expires": 1759706902.0258949,
  "created": 1759703302.025903
}