{
  "data": {
    "data": "value-1159"
  },
  "expires": 1759706902.292159,
  "created": 1759703302.292167
}