{
  "data": {
    "data": "value-970"
  },
  "expires": 1759706902.244789,
  "created": 1759703302.244797
}