{
  "data": {
    "data": "value-354"
  },
  "expires": 1759706902.086995,
  "created": 1759703302.087002
}