{
  "data": {
    "data": "value-1616"
  },
  "expires": 1759706902.4077928,
  "created": 1759703302.407802
}