{
  "data": {
    "data": "value-1230"
  },
  "expires": 1759706902.309815,
  "created": 1759703302.309827
}