{
  "data": {
    "data": "value-502"
  },
  "expires": 1759706902.125333,
  "created": 1759703302.125341
}