{
  "data": {
    "data": "value-1402"
  },
  "expires": 1759706902.3534122,
  "created": 1759703302.35342
}