{
  "data": {
    "data": "value-1034"
  },
  "expires": 1759706902.260801,
  "created": 1759703302.260811
}