{
  "data": {
    "data": "value-1820"
  },
  "expires": 1759706902.465651,
  "created": 1759703302.465659
}