{
  "data": {
    "data": "value-685"
  },
  "expires": 1759706902.171728,
  "created": 1759703302.1717372
}