{
  "data": {
    "data": "value-924"
  },
  "expires": 1759706902.2328372,
  "created": 1759703302.232845
}