{
  "data": {
    "data": "value-1522"
  },
  "expires": 1759706902.3838239,
  "created": 1759703302.383832
}