{
  "data": {
    "data": "value-804"
  },
  "expires": 1759706902.2022998,
  "created": 1759703302.2023082
}