{
  "data": {
    "data": "value-309"
  },
  "expires": 1759706902.0748842,
  "created": 1759703302.074893
}