{
  "data": {
    "data": "value-1711"
  },
  "expires": 1759706902.432288,
  "created": 1759703302.432296
}