{
  "data": {
    "data": "value-1950"
  },
  "expires": 1759706902.498859,
  "created": 1759703302.498867
}