{
  "data": {
    "data": "value-412"
  },
  "expires": 1759706902.101877,
  "created": 1759703302.101886
}