{
  "data": {
    "data": "value-1339"
  },
  "expires": 1759706902.3371599,
  "created": 1759703302.337168
}