{
  "data": {
    "data": "value-214"
  },
  "expires": 1759706902.051114,
  "created": 1759703302.051122
}