{
  "data": {
    "data": "value-926"
  },
  "expires": 1759706902.233288,
  "created": 1759703302.2332969
}