{
  "data": {
    "data": "value-1703"
  },
  "expires": 1759706902.430414,
  "created": 1759703302.430422
}