{
  "data": {
    "data": "value-110"
  },
  "expires": 1759706902.02334,
  "created": 1759703302.0233479
}