{
  "data": {
    "data": "value-1150"
  },
  "expires": 1759706902.289993,
  "created": 1759703302.290001
}