{
  "data": {
    "data": "value-757"
  },
  "expires": 1759706902.190173,
  "created": 1759703302.190181
}