{
  "data": {
    "data": "value-1567"
  },
  "expires": 1759706902.395647,
  "created": 1759703302.395655
}