{
  "data": {
    "data": "value-1225"
  },
  "expires": 1759706902.308428,
  "created": 1759703302.308436
}