{
  "data": {
    "data": "value-755"
  },
  "expires": 1759706902.189707,
  "created": 1759703302.189715
}