{
  "data": {
    "data": "value-405"
  },
  "expires": 1759706902.10017,
  "created": 1759703302.100178
}