{
  "data": {
    "data": "value-145"
  },
  "expires": 1759706902.0330439,
  "created": 1759703302.033052
}