{
  "data": {
    "data": "value-1226"
  },
  "expires": 1759706902.308662,
  "created": 1759703302.30867
}