{
  "data": {
    "data": "value-13"
  },
  "expires": 1759706901.99871,
  "created": 1759703301.998718
}