{
  "data": {
    "data": "value-1658"
  },
  "expires": 1759706902.4185002,
  "created": 1759703302.418509
}