{
  "data": {
    "data": "value-1484"
  },
  "expires": 1759706902.374043,
  "created": 1759703302.374052
}