{
  "data": {
    "data": "value-447"
  },
  "expires": 1759706902.1114979,
  "created": 1759703302.111508
}