{
  "data": {
    "data": "value-1701"
  },
  "expires": 1759706902.429951,
  "created": 1759703302.4299588
}