{
  "data": {
    "data": "value-1281"
  },
  "expires": 1759706902.322446,
  "created": 1759703302.322454
}