{
  "data": {
    "data": "value-1975"
  },
  "expires": 1759706902.5047061,
  "created": 1759703302.504714
}