{
  "data": {
    "data": "value-730"
  },
  "expires": 1759706902.183718,
  "created": 1759703302.183726
}