{
  "data": {
    "data": "value-983"
  },
  "expires": 1759706902.247828,
  "created": 1759703302.2478359
}