{
  "data": {
    "data": "value-1827"
  },
  "expires": 1759706902.46728,
  "created": 1759703302.467287
}