{
  "data": {
    "data": "value-495"
  },
  "expires": 1759706902.1236491,
  "created": 1759703302.123658
}