{
  "data": {
    "data": "value-421"
  },
  "expires": 1759706902.1040902,
  "created": 1759703302.104098
}