{
  "data": {
    "data": "value-1699"
  },
  "expires": 1759706902.429433,
  "created": 1759703302.429441
}