{
  "data": {
    "data": "value-1317"
  },
  "expires": 1759706902.331973,
  "created": 1759703302.331981
}