{
  "data": {
    "data": "value-1476"
  },
  "expires": 1759706902.3719501,
  "created": 1759703302.371959
}