{
  "data": {
    "data": "value-1668"
  },
  "expires": 1759706902.421241,
  "created": 1759703302.421251
}