{
  "data": {
    "data": "value-1797"
  },
  "expires": 1759706902.4543061,
  "created": 1759703302.454313
}