{
  "data": {
    "data": "value-1516"
  },
  "expires": 1759706902.382439,
  "created": 1759703302.382447
}