{
  "data": {
    "data": "value-324"
  },
  "expires": 1759706902.0797062,
  "created": 1759703302.0797162
}