{
  "data": {
    "data": "value-784"
  },
  "expires": 1759706902.197363,
  "created": 1759703302.197372
}