{
  "data": {
    "data": "value-132"
  },
  "expires": 1759706902.029579,
  "created": 1759703302.029589
}