{
  "data": {
    "data": "value-1646"
  },
  "expires": 1759706902.415526,
  "created": 1759703302.415534
}