{
  "data": {
    "data": "value-392"
  },
  "expires": 1759706902.097146,
  "created": 1759703302.0971541
}