{
  "data": {
    "data": "value-609"
  },
  "expires": 1759706902.152367,
  "created": 1759703302.152375
}