{
  "data": {
    "data": "value-1686"
  },
  "expires": 1759706902.425579,
  "created": 1759703302.425587
}