{
  "data": {
    "data": "value-1357"
  },
  "expires": 1759706902.341805,
  "created": 1759703302.341815
}