{
  "data": {
    "data": "value-228"
  },
  "expires": 1759706902.054461,
  "created": 1759703302.054469
}