{
  "data": {
    "data": "value-603"
  },
  "expires": 1759706902.15087,
  "created": 1759703302.150878
}