{
  "data": {
    "data": "value-1712"
  },
  "expires": 1759706902.432561,
  "created": 1759703302.432586
}