{
  "data": {
    "data": "value-948"
  },
  "expires": 1759706902.2384682,
  "created": 1759703302.238476
}