{
  "data": {
    "data": "value-860"
  },
  "expires": 1759706902.216604,
  "created": 1759703302.216613
}