{
  "data": {
    "data": "value-417"
  },
  "expires": 1759706902.103141,
  "created": 1759703302.103149
}