{
  "data": {
    "data": "value-767"
  },
  "expires": 1759706902.192524,
  "created": 1759703302.192532
}