{
  "data": {
    "data": "value-979"
  },
  "expires": 1759706902.2468941,
  "created": 1759703302.246902
}