{
  "data": {
    "data": "value-199"
  },
  "expires": 1759706902.047615,
  "created": 1759703302.0476239
}