{
  "data": {
    "data": "value-1416"
  },
  "expires": 1759706902.356833,
  "created": 1759703302.3568408
}