{
  "data": {
    "data": "value-1812"
  },
  "expires": 1759706902.463423,
  "created": 1759703302.463431
}