{
  "data": {
    "data": "value-1732"
  },
  "expires": 1759706902.437649,
  "created": 1759703302.437658
}