{
  "data": {
    "data": "value-505"
  },
  "expires": 1759706902.1260328,
  "created": 1759703302.1260412
}