{
  "data": {
    "data": "value-1081"
  },
  "expires": 1759706902.272106,
  "created": 1759703302.272114
}