{
  "data": {
    "data": "value-81"
  },
  "expires": 1759706902.016364,
  "created": 1759703302.016372
}