{
  "data": {
    "data": "value-1190"
  },
  "expires": 1759706902.299983,
  "created": 1759703302.299992
}