{
  "data": {
    "data": "value-1095"
  },
  "expires": 1759706902.275465,
  "created": 1759703302.2754729
}