{
  "data": {
    "data": "value-696"
  },
  "expires": 1759706902.174422,
  "created": 1759703302.174431
}