{
  "data": {
    "data": "value-493"
  },
  "expires": 1759706902.123193,
  "created": 1759703302.1232011
}