{
  "data": {
    "data": "value-1141"
  },
  "expires": 1759706902.287683,
  "created": 1759703302.287691
}