{
  "data": {
    "data": "value-189"
  },
  "expires": 1759706902.044831,
  "created": 1759703302.044839
}