{
  "data": {
    "data": "value-687"
  },
  "expires": 1759706902.172214,
  "created": 1759703302.172222
}