{
  "data": {
    "data": "value-423"
  },
  "expires": 1759706902.104634,
  "created": 1759703302.104644
}