{
  "data": {
    "data": "value-153"
  },
  "expires": 1759706902.03509,
  "created": 1759703302.035098
}