{
  "data": {
    "data": "value-770"
  },
  "expires": 1759706902.193239,
  "created": 1759703302.193247
}