{
  "data": {
    "data": "value-1172"
  },
  "expires": 1759706902.295649,
  "created": 1759703302.2956579
}