{
  "data": {
    "data": "value-1148"
  },
  "expires": 1759706902.289509,
  "created": 1759703302.289518
}