{
  "data": {
    "data": "value-206"
  },
  "expires": 1759706902.049275,
  "created": 1759703302.049283
}