{
  "data": {
    "data": "value-465"
  },
  "expires": 1759706902.1160839,
  "created": 1759703302.116092
}