{
  "data": {
    "data": "value-999"
  },
  "expires": 1759706902.2515981,
  "created": 1759703302.251607
}