{
  "data": {
    "data": "value-1161"
  },
  "expires": 1759706902.292653,
  "created": 1759703302.292662
}