{
  "data": {
    "data": "value-1753"
  },
  "expires": 1759706902.4431849,
  "created": 1759703302.4431949
}