{
  "data": {
    "data": "value-909"
  },
  "expires": 1759706902.229075,
  "created": 1759703302.229085
}