{
  "data": {
    "data": "value-711"
  },
  "expires": 1759706902.179014,
  "created": 1759703302.179024
}