{
  "data": {
    "data": "value-1639"
  },
  "expires": 1759706902.4138849,
  "created": 1759703302.4138932
}