{
  "data": {
    "data": "value-981"
  },
  "expires": 1759706902.247355,
  "created": 1759703302.247363
}