{
  "data": {
    "data": "value-1085"
  },
  "expires": 1759706902.273021,
  "created": 1759703302.273029
}