{
  "data": {
    "data": "value-1719"
  },
  "expires": 1759706902.4345012,
  "created": 1759703302.4345112
}