{
  "data": {
    "data": "value-896"
  },
  "expires": 1759706902.225583,
  "created": 1759703302.225591
}