{
  "data": {
    "data": "value-1099"
  },
  "expires": 1759706902.27657,
  "created": 1759703302.276583
}