{
  "data": {
    "data": "value-1826"
  },
  "expires": 1759706902.467036,
  "created": 1759703302.467044
}