{
  "data": {
    "data": "value-167"
  },
  "expires": 1759706902.038584,
  "created": 1759703302.038593
}