{
  "data": {
    "data": "value-1107"
  },
  "expires": 1759706902.278979,
  "created": 1759703302.2789881
}