{
  "data": {
    "data": "value-969"
  },
  "expires": 1759706902.244552,
  "created": 1759703302.2445598
}