{
  "data": {
    "data": "value-1038"
  },
  "expires": 1759706902.261881,
  "created": 1759703302.26189
}