{
  "data": {
    "data": "value-1521"
  },
  "expires": 1759706902.383594,
  "created": 1759703302.383602
}