{
  "data": {
    "data": "value-913"
  },
  "expires": 1759706902.230144,
  "created": 1759703302.2301528
}