{
  "data": {
    "data": "value-726"
  },
  "expires": 1759706902.1827772,
  "created": 1759703302.182786
}