{
  "data": {
    "data": "value-1291"
  },
  "expires": 1759706902.3247712,
  "created": 1759703302.324779
}