{
  "data": {
    "data": "value-940"
  },
  "expires": 1759706902.2365031,
  "created": 1759703302.236511
}