{
  "data": {
    "data": "value-599"
  },
  "expires": 1759706902.1499362,
  "created": 1759703302.149945
}