{
  "data": {
    "data": "value-734"
  },
  "expires": 1759706902.184638,
  "created": 1759703302.184646
}