{
  "data": {
    "data": "value-1355"
  },
  "expires": 1759706902.3412359,
  "created": 1759703302.341245
}