{
  "data": {
    "data": "value-1362"
  },
  "expires": 1759706902.343483,
  "created": 1759703302.343495
}