{
  "data": {
    "data": "value-869"
  },
  "expires": 1759706902.218925,
  "created": 1759703302.218934
}