{
  "data": {
    "data": "value-325"
  },
  "expires": 1759706902.079963,
  "created": 1759703302.079972
}