{
  "data": {
    "data": "value-769"
  },
  "expires": 1759706902.1930082,
  "created": 1759703302.193016
}