{
  "data": {
    "data": "value-1735"
  },
  "expires": 1759706902.438407,
  "created": 1759703302.438415
}