{
  "data": {
    "data": "value-1949"
  },
  "expires": 1759706902.498625,
  "created": 1759703302.498633
}