{
  "data": {
    "data": "value-822"
  },
  "expires": 1759706902.206753,
  "created": 1759703302.206762
}