{
  "data": {
    "data": "value-1070"
  },
  "expires": 1759706902.2695549,
  "created": 1759703302.269563
}