{
  "data": {
    "data": "value-298"
  },
  "expires": 1759706902.071979,
  "created": 1759703302.071987
}