{
  "data": {
    "data": "value-1594"
  },
  "expires": 1759706902.402069,
  "created": 1759703302.402077
}