{
  "data": {
    "data": "value-339"
  },
  "expires": 1759706902.0835042,
  "created": 1759703302.083513
}