{
  "data": {
    "data": "value-746"
  },
  "expires": 1759706902.187423,
  "created": 1759703302.1874309
}