{
  "data": {
    "data": "value-971"
  },
  "expires": 1759706902.245028,
  "created": 1759703302.245037
}