{
  "data": {
    "data": "value-252"
  },
  "expires": 1759706902.060658,
  "created": 1759703302.0606668
}