{
  "data": {
    "data": "value-611"
  },
  "expires": 1759706902.1528242,
  "created": 1759703302.152832
}