{
  "data": {
    "data": "value-1838"
  },
  "expires": 1759706902.469834,
  "created": 1759703302.469842
}