{
  "data": {
    "data": "value-1705"
  },
  "expires": 1759706902.4308732,
  "created": 1759703302.430881
}