{
  "data": {
    "data": "value-1544"
  },
  "expires": 1759706902.389438,
  "created": 1759703302.389447
}