{
  "data": {
    "data": "value-708"
  },
  "expires": 1759706902.178144,
  "created": 1759703302.178153
}