{
  "data": {
    "data": "value-957"
  },
  "expires": 1759706902.2410188,
  "created": 1759703302.241027
}