{
  "data": {
    "data": "value-1306"
  },
  "expires": 1759706902.329232,
  "created": 1759703302.329241
}