{
  "data": {
    "data": "value-1030"
  },
  "expires": 1759706902.2592158,
  "created": 1759703302.2592251
}