{
  "data": {
    "data": "value-140"
  },
  "expires": 1759706902.031782,
  "created": 1759703302.03179
}