{
  "data": {
    "data": "value-1674"
  },
  "expires": 1759706902.4227588,
  "created": 1759703302.4227672
}