{
  "data": {
    "data": "value-1997"
  },
  "expires": 1759706902.510565,
  "created": 1759703302.510614
}