{
  "data": {
    "data": "value-56"
  },
  "expires": 1759706902.009451,
  "created": 1759703302.009459
}