{
  "data": {
    "data": "value-210"
  },
  "expires": 1759706902.0501928,
  "created": 1759703302.0502012
}