{
  "data": {
    "data": "value-1829"
  },
  "expires": 1759706902.467764,
  "created": 1759703302.467772
}