{
  "data": {
    "data": "value-589"
  },
  "expires": 1759706902.1475022,
  "created": 1759703302.14751
}