{
  "data": {
    "data": "value-531"
  },
  "expires": 1759706902.132708,
  "created": 1759703302.132716
}