{
  "data": {
    "data": "value-1241"
  },
  "expires": 1759706902.3128698,
  "created": 1759703302.312879
}