{
  "data": {
    "data": "value-1923"
  },
  "expires": 1759706902.491127,
  "created": 1759703302.491135
}