{
  "data": {
    "data": "value-1180"
  },
  "expires": 1759706902.297528,
  "created": 1759703302.297536
}