{
  "data": {
    "data": "value-209"
  },
  "expires": 1759706902.049964,
  "created": 1759703302.049972
}