{
  "data": {
    "data": "value-690"
  },
  "expires": 1759706902.172954,
  "created": 1759703302.1729631
}