{
  "data": {
    "data": "value-1185"
  },
  "expires": 1759706902.298702,
  "created": 1759703302.29871
}