{
  "data": {
    "data": "value-1764"
  },
  "expires": 1759706902.4462662,
  "created": 1759703302.446274
}