{
  "data": {
    "data": "value-473"
  },
  "expires": 1759706902.118103,
  "created": 1759703302.118111
}