{
  "data": {
    "data": "value-1303"
  },
  "expires": 1759706902.328497,
  "created": 1759703302.328506
}