{
  "data": {
    "data": "value-1260"
  },
  "expires": 1759706902.317375,
  "created": 1759703302.3173819
}