{
  "data": {
    "data": "value-1692"
  },
  "expires": 1759706902.427639,
  "created": 1759703302.427648
}