{
  "data": {
    "data": "value-949"
  },
  "expires": 1759706902.238812,
  "created": 1759703302.238822
}