{
  "data": {
    "data": "value-1596"
  },
  "expires": 1759706902.402544,
  "created": 1759703302.402555
}