{
  "data": {
    "data": "value-956"
  },
  "expires": 1759706902.240743,
  "created": 1759703302.240753
}