{
  "data": {
    "data": "value-612"
  },
  "expires": 1759706902.1530502,
  "created": 1759703302.153058
}