{
  "data": {
    "data": "value-596"
  },
  "expires": 1759706902.149154,
  "created": 1759703302.149162
}