{
  "data": {
    "data": "value-1035"
  },
  "expires": 1759706902.261131,
  "created": 1759703302.261142
}