{
  "data": {
    "data": "value-1256"
  },
  "expires": 1759706902.3164642,
  "created": 1759703302.316472
}