{
  "data": {
    "data": "value-496"
  },
  "expires": 1759706902.123882,
  "created": 1759703302.12389
}