{
  "data": {
    "data": "value-1772"
  },
  "expires": 1759706902.4482508,
  "created": 1759703302.448259
}