{
  "data": {
    "data": "value-320"
  },
  "expires": 1759706902.078631,
  "created": 1759703302.078641
}