{
  "data": {
    "data": "value-295"
  },
  "expires": 1759706902.071184,
  "created": 1759703302.071193
}