{
  "data": {
    "data": "value-513"
  },
  "expires": 1759706902.128313,
  "created": 1759703302.1283221
}