{
  "data": {
    "data": "value-667"
  },
  "expires": 1759706902.167107,
  "created": 1759703302.167115
}