{
  "data": {
    "data": "value-1783"
  },
  "expires": 1759706902.450913,
  "created": 1759703302.450923
}