{
  "data": {
    "data": "value-1875"
  },
  "expires": 1759706902.479442,
  "created": 1759703302.4794502
}