{
  "data": {
    "data": "value-1679"
  },
  "expires": 1759706902.423935,
  "created": 1759703302.4239428
}