{
  "data": {
    "data": "value-93"
  },
  "expires": 1759706902.0191958,
  "created": 1759703302.0192041
}