{
  "data": {
    "data": "value-1183"
  },
  "expires": 1759706902.298232,
  "created": 1759703302.2982411
}