{
  "data": {
    "data": "value-245"
  },
  "expires": 1759706902.058513,
  "created": 1759703302.058521
}