{
  "data": {
    "data": "value-1348"
  },
  "expires": 1759706902.339372,
  "created": 1759703302.339381
}