{
  "data": {
    "data": "value-684"
  },
  "expires": 1759706902.171458,
  "created": 1759703302.171468
}