{
  "data": {
    "data": "value-530"
  },
  "expires": 1759706902.13246,
  "created": 1759703302.132469
}