{
  "data": {
    "data": "value-1610"
  },
  "expires": 1759706902.4062521,
  "created": 1759703302.406261
}