{
  "data": {
    "data": "value-385"
  },
  "expires": 1759706902.095341,
  "created": 1759703302.095349
}