{
  "data": {
    "data": "value-1992"
  },
  "expires": 1759706902.509098,
  "created": 1759703302.509106
}