{
  "data": {
    "data": "value-1014"
  },
  "expires": 1759706902.2552881,
  "created": 1759703302.255297
}