{
  "data": {
    "data": "value-666"
  },
  "expires": 1759706902.166872,
  "created": 1759703302.166881
}