{
  "data": {
    "data": "value-2"
  },
  "expires": 1759706901.995946,
  "created": 1759703301.995954
}