{
  "data": {
    "data": "value-463"
  },
  "expires": 1759706902.1156192,
  "created": 1759703302.115628
}