{
  "data": {
    "data": "value-1000"
  },
  "expires": 1759706902.251829,
  "created": 1759703302.251895
}