{
  "data": {
    "data": "value-627"
  },
  "expires": 1759706902.1566038,
  "created": 1759703302.1566122
}