{
  "data": {
    "data": "value-1115"
  },
  "expires": 1759706902.280969,
  "created": 1759703302.280978
}