{
  "data": {
    "data": "value-1599"
  },
  "expires": 1759706902.4033978,
  "created": 1759703302.403407
}