{
  "data": {
    "data": "value-489"
  },
  "expires": 1759706902.1222148,
  "created": 1759703302.1222231
}