{
  "data": {
    "data": "value-661"
  },
  "expires": 1759706902.165683,
  "created": 1759703302.1656919
}