{
  "data": {
    "data": "value-1709"
  },
  "expires": 1759706902.431805,
  "created": 1759703302.431813
}