{
  "data": {
    "data": "value-367"
  },
  "expires": 1759706902.090376,
  "created": 1759703302.0903838
}