{
  "data": {
    "data": "value-604"
  },
  "expires": 1759706902.151187,
  "created": 1759703302.1511948
}