{
  "data": {
    "data": "value-202"
  },
  "expires": 1759706902.048337,
  "created": 1759703302.048345
}