{
  "data": {
    "data": "value-1858"
  },
  "expires": 1759706902.4745479,
  "created": 1759703302.474556
}