{
  "data": {
    "data": "value-1541"
  },
  "expires": 1759706902.388522,
  "created": 1759703302.388531
}