{
  "data": {
    "data": "value-1607"
  },
  "expires": 1759706902.405432,
  "created": 1759703302.405441
}