{
  "data": {
    "data": "value-1249"
  },
  "expires": 1759706902.3147562,
  "created": 1759703302.314764
}