{
  "data": {
    "data": "value-1119"
  },
  "expires": 1759706902.2819872,
  "created": 1759703302.281996
}