{
  "data": {
    "data": "value-1787"
  },
  "expires": 1759706902.4518862,
  "created": 1759703302.451895
}