{
  "data": {
    "data": "value-1393"
  },
  "expires": 1759706902.35131,
  "created": 1759703302.351317
}