{
  "data": {
    "data": "value-342"
  },
  "expires": 1759706902.084221,
  "created": 1759703302.0842292
}