{
  "data": {
    "data": "value-1456"
  },
  "expires": 1759706902.367367,
  "created": 1759703302.3673751
}