{
  "data": {
    "data": "value-1138"
  },
  "expires": 1759706902.286936,
  "created": 1759703302.286945
}