{
  "data": {
    "data": "value-1763"
  },
  "expires": 1759706902.446035,
  "created": 1759703302.4460428
}