{
  "data": {
    "data": "value-393"
  },
  "expires": 1759706902.0973802,
  "created": 1759703302.097388
}