{
  "data": {
    "data": "value-1568"
  },
  "expires": 1759706902.3958862,
  "created": 1759703302.395895
}