{
  "data": {
    "data": "value-778"
  },
  "expires": 1759706902.195799,
  "created": 1759703302.195808
}