{
  "data": {
    "data": "value-220"
  },
  "expires": 1759706902.0526028,
  "created": 1759703302.052611
}