{
  "data": {
    "data": "value-1972"
  },
  "expires": 1759706902.5038989,
  "created": 1759703302.503907
}