{
  "data": {
    "data": "value-1552"
  },
  "expires": 1759706902.391436,
  "created": 1759703302.391444
}