{
  "data": {
    "data": "value-1915"
  },
  "expires": 1759706902.489177,
  "created": 1759703302.489185
}