{
  "data": {
    "data": "value-425"
  },
  "expires": 1759706902.105237,
  "created": 1759703302.105246
}