{
  "data": {
    "data": "value-80"
  },
  "expires": 1759706902.016114,
  "created": 1759703302.0161211
}