{
  "data": {
    "data": "value-1104"
  },
  "expires": 1759706902.278213,
  "created": 1759703302.278223
}