{
  "data": {
    "data": "value-951"
  },
  "expires": 1759706902.239373,
  "created": 1759703302.239382
}