{
  "data": {
    "data": "value-253"
  },
  "expires": 1759706902.060908,
  "created": 1759703302.060916
}