{
  "data": {
    "data": "value-1542"
  },
  "expires": 1759706902.388834,
  "created": 1759703302.3888462
}