{
  "data": {
    "data": "value-1064"
  },
  "expires": 1759706902.26806,
  "created": 1759703302.268068
}