{
  "data": {
    "data": "value-1231"
  },
  "expires": 1759706902.3101041,
  "created": 1759703302.310113
}