{
  "data": {
    "data": "value-1235"
  },
  "expires": 1759706902.311268,
  "created": 1759703302.3112772
}