{
  "data": {
    "data": "value-722"
  },
  "expires": 1759706902.181741,
  "created": 1759703302.18175
}