{
  "data": {
    "data": "value-113"
  },
  "expires": 1759706902.0240378,
  "created": 1759703302.0240462
}