{
  "data": {
    "data": "value-377"
  },
  "expires": 1759706902.093102,
  "created": 1759703302.093112
}