{
  "data": {
    "data": "value-1683"
  },
  "expires": 1759706902.424862,
  "created": 1759703302.424869
}