{
  "data": {
    "data": "value-1438"
  },
  "expires": 1759706902.363088,
  "created": 1759703302.363096
}