{
  "data": {
    "data": "value-1401"
  },
  "expires": 1759706902.353183,
  "created": 1759703302.353191
}