{
  "data": {
    "data": "value-887"
  },
  "expires": 1759706902.223368,
  "created": 1759703302.223377
}