{
  "data": {
    "data": "value-77"
  },
  "expires": 1759706902.015418,
  "created": 1759703302.0154262
}