{
  "data": {
    "data": "value-868"
  },
  "expires": 1759706902.218601,
  "created": 1759703302.2186089
}