{
  "data": {
    "data": "value-54"
  },
  "expires": 1759706902.008978,
  "created": 1759703302.008986
}