{
  "data": {
    "data": "value-952"
  },
  "expires": 1759706902.239617,
  "created": 1759703302.239626
}