{
  "data": {
    "data": "value-1817"
  },
  "expires": 1759706902.4647622,
  "created": 1759703302.464772
}