{
  "data": {
    "data": "value-744"
  },
  "expires": 1759706902.186962,
  "created": 1759703302.18697
}