{
  "data": {
    "data": "value-1392"
  },
  "expires": 1759706902.351077,
  "created": 1759703302.351084
}