{
  "data": {
    "data": "value-482"
  },
  "expires": 1759706902.120395,
  "created": 1759703302.120403
}