{
  "data": {
    "data": "value-221"
  },
  "expires": 1759706902.052833,
  "created": 1759703302.052842
}