{
  "data": {
    "data": "value-368"
  },
  "expires": 1759706902.090623,
  "created": 1759703302.090632
}