{
  "data": {
    "data": "value-1443"
  },
  "expires": 1759706902.364272,
  "created": 1759703302.36428
}