{
  "data": {
    "data": "value-1899"
  },
  "expires": 1759706902.485255,
  "created": 1759703302.485263
}