{
  "data": {
    "data": "value-187"
  },
  "expires": 1759706902.044213,
  "created": 1759703302.0442219
}