{
  "data": {
    "data": "value-1935"
  },
  "expires": 1759706902.494751,
  "created": 1759703302.49476
}