{
  "data": {
    "data": "value-401"
  },
  "expires": 1759706902.099253,
  "created": 1759703302.099261
}