{
  "data": {
    "data": "value-967"
  },
  "expires": 1759706902.244046,
  "created": 1759703302.244055
}