{
  "data": {
    "data": "value-1287"
  },
  "expires": 1759706902.323839,
  "created": 1759703302.3238468
}