{
  "data": {
    "data": "value-1440"
  },
  "expires": 1759706902.363563,
  "created": 1759703302.363571
}