{
  "data": {
    "data": "value-775"
  },
  "expires": 1759706902.1950731,
  "created": 1759703302.195082
}