{
  "data": {
    "data": "value-1058"
  },
  "expires": 1759706902.266649,
  "created": 1759703302.266657
}