{
  "data": {
    "data": "value-1352"
  },
  "expires": 1759706902.340409,
  "created": 1759703302.340417
}