{
  "data": {
    "data": "value-1270"
  },
  "expires": 1759706902.319669,
  "created": 1759703302.319678
}