{
  "data": {
    "data": "value-346"
  },
  "expires": 1759706902.085172,
  "created": 1759703302.0851798
}