{
  "data": {
    "data": "value-504"
  },
  "expires": 1759706902.1258008,
  "created": 1759703302.125809
}