{
  "data": {
    "data": "value-833"
  },
  "expires": 1759706902.209515,
  "created": 1759703302.209525
}