{
  "data": {
    "data": "value-837"
  },
  "expires": 1759706902.210969,
  "created": 1759703302.210978
}