{
  "data": {
    "data": "value-1455"
  },
  "expires": 1759706902.367136,
  "created": 1759703302.3671439
}