{
  "data": {
    "data": "value-1994"
  },
  "expires": 1759706902.509568,
  "created": 1759703302.5095758
}