{
  "data": {
    "data": "value-907"
  },
  "expires": 1759706902.228609,
  "created": 1759703302.228617
}