{
  "data": {
    "data": "value-1048"
  },
  "expires": 1759706902.26434,
  "created": 1759703302.264349
}