{
  "data": {
    "data": "value-1922"
  },
  "expires": 1759706902.4908931,
  "created": 1759703302.490901
}