{
  "data": {
    "data": "value-1694"
  },
  "expires": 1759706902.428137,
  "created": 1759703302.428145
}