{
  "data": {
    "data": "value-94"
  },
  "expires": 1759706902.01943,
  "created": 1759703302.019438
}