{
  "data": {
    "data": "value-259"
  },
  "expires": 1759706902.06248,
  "created": 1759703302.062488
}