{
  "data": {
    "data": "value-1659"
  },
  "expires": 1759706902.418751,
  "created": 1759703302.4187598
}