{
  "data": {
    "data": "value-1043"
  },
  "expires": 1759706902.263155,
  "created": 1759703302.2631638
}