{
  "data": {
    "data": "value-1745"
  },
  "expires": 1759706902.441081,
  "created": 1759703302.44109
}