{
  "data": {
    "data": "value-215"
  },
  "expires": 1759706902.0513558,
  "created": 1759703302.0513642
}