{
  "data": {
    "data": "value-1836"
  },
  "expires": 1759706902.469366,
  "created": 1759703302.469373
}