{
  "data": {
    "data": "value-1707"
  },
  "expires": 1759706902.431338,
  "created": 1759703302.431347
}