{
  "data": {
    "data": "value-363"
  },
  "expires": 1759706902.0893881,
  "created": 1759703302.089397
}