{
  "data": {
    "data": "value-634"
  },
  "expires": 1759706902.158331,
  "created": 1759703302.158339
}