{
  "data": {
    "data": "value-1947"
  },
  "expires": 1759706902.4980521,
  "created": 1759703302.498061
}