{
  "data": {
    "data": "value-858"
  },
  "expires": 1759706902.216149,
  "created": 1759703302.216157
}