{
  "data": {
    "data": "value-119"
  },
  "expires": 1759706902.0254312,
  "created": 1759703302.025439
}