{
  "data": {
    "data": "value-95"
  },
  "expires": 1759706902.019656,
  "created": 1759703302.0196638
}