{
  "data": {
    "data": "value-1876"
  },
  "expires": 1759706902.479682,
  "created": 1759703302.479691
}