{
  "data": {
    "data": "value-857"
  },
  "expires": 1759706902.215915,
  "created": 1759703302.2159228
}