{
  "data": {
    "data": "value-131"
  },
  "expires": 1759706902.0291798,
  "created": 1759703302.02921
}