{
  "data": {
    "data": "value-1011"
  },
  "expires": 1759706902.254535,
  "created": 1759703302.2545438
}