{
  "data": {
    "data": "value-997"
  },
  "expires": 1759706902.2511418,
  "created": 1759703302.251151
}