{
  "data": {
    "data": "value-1726"
  },
  "expires": 1759706902.4362519,
  "created": 1759703302.43626
}