{
  "data": {
    "data": "value-1425"
  },
  "expires": 1759706902.359074,
  "created": 1759703302.359082
}