{
  "data": {
    "data": "value-591"
  },
  "expires": 1759706902.1479769,
  "created": 1759703302.147985
}