{
  "data": {
    "data": "value-1689"
  },
  "expires": 1759706902.426744,
  "created": 1759703302.4267719
}