{
  "data": {
    "data": "value-1572"
  },
  "expires": 1759706902.396822,
  "created": 1759703302.396831
}