{
  "data": {
    "data": "value-1673"
  },
  "expires": 1759706902.422521,
  "created": 1759703302.422529
}