{
  "data": {
    "data": "value-525"
  },
  "expires": 1759706902.131234,
  "created": 1759703302.131242
}