{
  "data": {
    "data": "value-1937"
  },
  "expires": 1759706902.4953432,
  "created": 1759703302.495352
}