{
  "data": {
    "data": "value-117"
  },
  "expires": 1759706902.024959,
  "created": 1759703302.024967
}