{
  "data": {
    "data": "value-1661"
  },
  "expires": 1759706902.419313,
  "created": 1759703302.419321
}