{
  "data": {
    "data": "value-356"
  },
  "expires": 1759706902.087453,
  "created": 1759703302.087462
}