{
  "data": {
    "data": "value-61"
  },
  "expires": 1759706902.0112588,
  "created": 1759703302.0112681
}