{
  "data": {
    "data": "value-1591"
  },
  "expires": 1759706902.4013581,
  "created": 1759703302.401366
}