{
  "data": {
    "data": "value-1557"
  },
  "expires": 1759706902.392629,
  "created": 1759703302.392638
}