{
  "data": {
    "data": "value-503"
  },
  "expires": 1759706902.125567,
  "created": 1759703302.1255748
}