{
  "data": {
    "data": "value-929"
  },
  "expires": 1759706902.233984,
  "created": 1759703302.2339919
}