{
  "data": {
    "data": "value-1388"
  },
  "expires": 1759706902.3501692,
  "created": 1759703302.350176
}