{
  "data": {
    "data": "value-1801"
  },
  "expires": 1759706902.4553862,
  "created": 1759703302.455395
}