{
  "data": {
    "data": "value-414"
  },
  "expires": 1759706902.102355,
  "created": 1759703302.1023629
}