{
  "data": {
    "data": "value-446"
  },
  "expires": 1759706902.111156,
  "created": 1759703302.1111639
}