{
  "data": {
    "data": "value-1769"
  },
  "expires": 1759706902.447552,
  "created": 1759703302.4475598
}