{
  "data": {
    "data": "value-1087"
  },
  "expires": 1759706902.2735019,
  "created": 1759703302.27351
}