{
  "data": {
    "data": "value-419"
  },
  "expires": 1759706902.1036181,
  "created": 1759703302.103626
}