{
  "data": {
    "data": "value-1145"
  },
  "expires": 1759706902.2886982,
  "created": 1759703302.288706
}