{
  "data": {
    "data": "value-8"
  },
  "expires": 1759706901.997396,
  "created": 1759703301.9974039
}