{
  "data": {
    "data": "value-408"
  },
  "expires": 1759706902.1008599,
  "created": 1759703302.100868
}