{
  "data": {
    "data": "value-727"
  },
  "expires": 1759706902.183018,
  "created": 1759703302.183027
}