{
  "data": {
    "data": "value-1424"
  },
  "expires": 1759706902.358829,
  "created": 1759703302.358837
}