{
  "data": {
    "data": "value-60"
  },
  "expires": 1759706902.010976,
  "created": 1759703302.010986
}