{
  "data": {
    "data": "value-1045"
  },
  "expires": 1759706902.2636218,
  "created": 1759703302.2636302
}