{
  "data": {
    "data": "value-1933"
  },
  "expires": 1759706902.494211,
  "created": 1759703302.49424
}