{
  "data": {
    "data": "value-870"
  },
  "expires": 1759706902.2191749,
  "created": 1759703302.2191842
}