{
  "data": {
    "data": "value-1533"
  },
  "expires": 1759706902.3864572,
  "created": 1759703302.386465
}