{
  "data": {
    "data": "value-1986"
  },
  "expires": 1759706902.5075898,
  "created": 1759703302.507599
}