{
  "data": {
    "data": "value-1073"
  },
  "expires": 1759706902.270259,
  "created": 1759703302.2702668
}