{
  "data": {
    "data": "value-1460"
  },
  "expires": 1759706902.368294,
  "created": 1759703302.368302
}