{
  "data": {
    "data": "value-461"
  },
  "expires": 1759706902.115138,
  "created": 1759703302.115146
}