{
  "data": {
    "data": "value-905"
  },
  "expires": 1759706902.228134,
  "created": 1759703302.228145
}