{
  "data": {
    "data": "value-382"
  },
  "expires": 1759706902.094613,
  "created": 1759703302.094621
}