{
  "data": {
    "data": "value-1721"
  },
  "expires": 1759706902.435039,
  "created": 1759703302.435047
}