{
  "data": {
    "data": "value-147"
  },
  "expires": 1759706902.033611,
  "created": 1759703302.033619
}