{
  "data": {
    "data": "value-321"
  },
  "expires": 1759706902.078897,
  "created": 1759703302.0789068
}