{
  "data": {
    "data": "value-628"
  },
  "expires": 1759706902.156918,
  "created": 1759703302.1569269
}