{
  "data": {
    "data": "value-1013"
  },
  "expires": 1759706902.255051,
  "created": 1759703302.25506
}