{
  "data": {
    "data": "value-1175"
  },
  "expires": 1759706902.2963462,
  "created": 1759703302.296354
}