{
  "data": {
    "data": "value-1645"
  },
  "expires": 1759706902.415293,
  "created": 1759703302.415301
}