{
  "data": {
    "data": "value-92"
  },
  "expires": 1759706902.0189571,
  "created": 1759703302.018965
}