{
  "data": {
    "data": "value-1702"
  },
  "expires": 1759706902.4301848,
  "created": 1759703302.430193
}