{
  "data": {
    "data": "value-1979"
  },
  "expires": 1759706902.5056908,
  "created": 1759703302.505701
}