{
  "data": {
    "data": "value-1472"
  },
  "expires": 1759706902.371026,
  "created": 1759703302.3710332
}