{
  "data": {
    "data": "value-1429"
  },
  "expires": 1759706902.3602078,
  "created": 1759703302.3602319
}