{
  "data": {
    "data": "value-845"
  },
  "expires": 1759706902.213013,
  "created": 1759703302.213021
}