{
  "data": {
    "data": "value-1264"
  },
  "expires": 1759706902.318302,
  "created": 1759703302.3183098
}