{
  "data": {
    "data": "value-1273"
  },
  "expires": 1759706902.3203452,
  "created": 1759703302.320353
}