{
  "data": {
    "data": "value-568"
  },
  "expires": 1759706902.141987,
  "created": 1759703302.141995
}