{
  "data": {
    "data": "value-962"
  },
  "expires": 1759706902.242303,
  "created": 1759703302.242311
}