{
  "data": {
    "data": "value-1074"
  },
  "expires": 1759706902.270496,
  "created": 1759703302.270504
}