{
  "data": {
    "data": "value-643"
  },
  "expires": 1759706902.160984,
  "created": 1759703302.160994
}