{
  "data": {
    "data": "value-1031"
  },
  "expires": 1759706902.2594838,
  "created": 1759703302.259493
}