{
  "data": {
    "data": "value-706"
  },
  "expires": 1759706902.177632,
  "created": 1759703302.177641
}