{
  "data": {
    "data": "value-718"
  },
  "expires": 1759706902.1807702,
  "created": 1759703302.180779
}