{
  "data": {
    "data": "value-1277"
  },
  "expires": 1759706902.321441,
  "created": 1759703302.321451
}