{
  "data": {
    "data": "value-235"
  },
  "expires": 1759706902.056072,
  "created": 1759703302.0560799
}