{
  "data": {
    "data": "value-127"
  },
  "expires": 1759706902.028193,
  "created": 1759703302.028202
}