{
  "data": {
    "data": "value-585"
  },
  "expires": 1759706902.14658,
  "created": 1759703302.1465878
}