{
  "data": {
    "data": "value-694"
  },
  "expires": 1759706902.1739259,
  "created": 1759703302.173934
}