{
  "data": {
    "data": "value-721"
  },
  "expires": 1759706902.181491,
  "created": 1759703302.1814988
}