{
  "data": {
    "data": "value-903"
  },
  "expires": 1759706902.2276218,
  "created": 1759703302.227631
}