{
  "data": {
    "data": "value-1252"
  },
  "expires": 1759706902.315542,
  "created": 1759703302.3155499
}