{
  "data": {
    "data": "value-534"
  },
  "expires": 1759706902.133507,
  "created": 1759703302.1335151
}