{
  "data": {
    "data": "value-344"
  },
  "expires": 1759706902.084691,
  "created": 1759703302.084699
}