{
  "data": {
    "data": "value-556"
  },
  "expires": 1759706902.1390789,
  "created": 1759703302.139088
}