{
  "data": {
    "data": "value-914"
  },
  "expires": 1759706902.230387,
  "created": 1759703302.2303948
}