{
  "data": {
    "data": "value-796"
  },
  "expires": 1759706902.2002728,
  "created": 1759703302.200282
}