{
  "data": {
    "data": "value-1580"
  },
  "expires": 1759706902.39868,
  "created": 1759703302.398688
}