{
  "data": {
    "data": "value-299"
  },
  "expires": 1759706902.072221,
  "created": 1759703302.0722299
}