{
  "data": {
    "data": "value-1727"
  },
  "expires": 1759706902.4364889,
  "created": 1759703302.436497
}