{
  "data": {
    "data": "value-1956"
  },
  "expires": 1759706902.500234,
  "created": 1759703302.5002408
}