{
  "data": {
    "data": "value-1154"
  },
  "expires": 1759706902.290962,
  "created": 1759703302.29097
}