{
  "data": {
    "data": "value-1497"
  },
  "expires": 1759706902.377634,
  "created": 1759703302.377643
}