{
  "data": {
    "data": "value-1420"
  },
  "expires": 1759706902.3578749,
  "created": 1759703302.357883
}