{
  "data": {
    "data": "value-1534"
  },
  "expires": 1759706902.386685,
  "created": 1759703302.386692
}