{
  "data": {
    "data": "value-31"
  },
  "expires": 1759706902.003152,
  "created": 1759703302.00316
}