{
  "data": {
    "data": "value-317"
  },
  "expires": 1759706902.0776691,
  "created": 1759703302.077677
}