{
  "data": {
    "data": "value-554"
  },
  "expires": 1759706902.13852,
  "created": 1759703302.138529
}