{
  "data": {
    "data": "value-1206"
  },
  "expires": 1759706902.303882,
  "created": 1759703302.303891
}