{
  "data": {
    "data": "value-1152"
  },
  "expires": 1759706902.290483,
  "created": 1759703302.2904909
}