{
  "data": {
    "data": "value-240"
  },
  "expires": 1759706902.057224,
  "created": 1759703302.057232
}