{
  "data": {
    "data": "value-307"
  },
  "expires": 1759706902.074398,
  "created": 1759703302.074406
}