{
  "data": {
    "data": "value-191"
  },
  "expires": 1759706902.0453272,
  "created": 1759703302.045336
}