{
  "data": {
    "data": "value-748"
  },
  "expires": 1759706902.187895,
  "created": 1759703302.187904
}