{
  "data": {
    "data": "value-805"
  },
  "expires": 1759706902.202538,
  "created": 1759703302.202546
}