{
  "data": {
    "data": "value-801"
  },
  "expires": 1759706902.201579,
  "created": 1759703302.201587
}