{
  "data": {
    "data": "value-1351"
  },
  "expires": 1759706902.34008,
  "created": 1759703302.3400881
}