{
  "data": {
    "data": "value-562"
  },
  "expires": 1759706902.140505,
  "created": 1759703302.140513
}