{
  "data": {
    "data": "value-1238"
  },
  "expires": 1759706902.312078,
  "created": 1759703302.312086
}