{
  "data": {
    "data": "value-1746"
  },
  "expires": 1759706902.441329,
  "created": 1759703302.441337
}