{
  "data": {
    "data": "value-1529"
  },
  "expires": 1759706902.385443,
  "created": 1759703302.385451
}