{
  "data": {
    "data": "value-1806"
  },
  "expires": 1759706902.4566028,
  "created": 1759703302.456612
}