{
  "data": {
    "data": "value-1984"
  },
  "expires": 1759706902.507004,
  "created": 1759703302.5070121
}