{
  "data": {
    "data": "value-1164"
  },
  "expires": 1759706902.293652,
  "created": 1759703302.2936718
}