{
  "data": {
    "data": "value-830"
  },
  "expires": 1759706902.208768,
  "created": 1759703302.2087748
}