{
  "data": {
    "data": "value-142"
  },
  "expires": 1759706902.032319,
  "created": 1759703302.032327
}