{
  "data": {
    "data": "value-1447"
  },
  "expires": 1759706902.365193,
  "created": 1759703302.365201
}