{
  "data": {
    "data": "value-673"
  },
  "expires": 1759706902.1685288,
  "created": 1759703302.1685371
}