{
  "data": {
    "data": "value-1894"
  },
  "expires": 1759706902.4840991,
  "created": 1759703302.484107
}