{
  "data": {
    "data": "value-1498"
  },
  "expires": 1759706902.377908,
  "created": 1759703302.3779159
}