{
  "data": {
    "data": "value-1469"
  },
  "expires": 1759706902.370352,
  "created": 1759703302.3703601
}