{
  "data": {
    "data": "value-1167"
  },
  "expires": 1759706902.2943912,
  "created": 1759703302.294399
}