{
  "data": {
    "data": "value-316"
  },
  "expires": 1759706902.0774121,
  "created": 1759703302.077421
}