{
  "data": {
    "data": "value-73"
  },
  "expires": 1759706902.014365,
  "created": 1759703302.014373
}