{
  "data": {
    "data": "value-571"
  },
  "expires": 1759706902.142688,
  "created": 1759703302.1426969
}