{
  "data": {
    "data": "value-237"
  },
  "expires": 1759706902.05653,
  "created": 1759703302.056538
}