{
  "data": {
    "data": "value-670"
  },
  "expires": 1759706902.16782,
  "created": 1759703302.167829
}