{
  "data": {
    "data": "value-1089"
  },
  "expires": 1759706902.273972,
  "created": 1759703302.27398
}