{
  "data": {
    "data": "value-1431"
  },
  "expires": 1759706902.3611221,
  "created": 1759703302.361134
}