{
  "data": {
    "data": "value-712"
  },
  "expires": 1759706902.1792681,
  "created": 1759703302.179277
}