{
  "data": {
    "data": "value-1020"
  },
  "expires": 1759706902.256814,
  "created": 1759703302.256822
}