{
  "data": {
    "data": "value-1385"
  },
  "expires": 1759706902.349473,
  "created": 1759703302.3494809
}