{
  "data": {
    "data": "value-1207"
  },
  "expires": 1759706902.3041122,
  "created": 1759703302.304119
}