{
  "data": {
    "data": "value-938"
  },
  "expires": 1759706902.236047,
  "created": 1759703302.2360551
}