{
  "data": {
    "data": "value-1282"
  },
  "expires": 1759706902.322688,
  "created": 1759703302.322696
}