{
  "data": {
    "data": "value-835"
  },
  "expires": 1759706902.210167,
  "created": 1759703302.210177
}