{
  "data": {
    "data": "value-1212"
  },
  "expires": 1759706902.305275,
  "created": 1759703302.305283
}