{
  "data": {
    "data": "value-855"
  },
  "expires": 1759706902.2154639,
  "created": 1759703302.2154722
}