{
  "data": {
    "data": "value-337"
  },
  "expires": 1759706902.082945,
  "created": 1759703302.082953
}