{
  "data": {
    "data": "value-44"
  },
  "expires": 1759706902.006346,
  "created": 1759703302.0063539
}