{
  "data": {
    "data": "value-21"
  },
  "expires": 1759706902.000656,
  "created": 1759703302.0006661
}