{
  "data": {
    "data": "value-1954"
  },
  "expires": 1759706902.499776,
  "created": 1759703302.499784
}