{
  "data": {
    "data": "value-573"
  },
  "expires": 1759706902.143369,
  "created": 1759703302.143378
}