{
  "data": {
    "data": "value-1587"
  },
  "expires": 1759706902.400445,
  "created": 1759703302.400453
}