{
  "data": {
    "data": "value-915"
  },
  "expires": 1759706902.230634,
  "created": 1759703302.2306418
}