{
  "data": {
    "data": "value-776"
  },
  "expires": 1759706902.195322,
  "created": 1759703302.1953301
}