{
  "data": {
    "data": "value-638"
  },
  "expires": 1759706902.15925,
  "created": 1759703302.1592588
}