{
  "data": {
    "data": "value-1944"
  },
  "expires": 1759706902.497306,
  "created": 1759703302.4973152
}