{
  "data": {
    "data": "value-123"
  },
  "expires": 1759706902.026747,
  "created": 1759703302.0267599
}