{
  "data": {
    "data": "value-475"
  },
  "expires": 1759706902.118591,
  "created": 1759703302.118599
}