{
  "data": {
    "data": "value-1408"
  },
  "expires": 1759706902.354924,
  "created": 1759703302.354934
}