{
  "data": {
    "data": "value-1171"
  },
  "expires": 1759706902.2953181,
  "created": 1759703302.295327
}