{
  "data": {
    "data": "value-46"
  },
  "expires": 1759706902.006836,
  "created": 1759703302.0068438
}