{
  "data": {
    "data": "value-1"
  },
  "expires": 1759706901.9957051,
  "created": 1759703301.995714
}