{
  "data": {
    "data": "value-1223"
  },
  "expires": 1759706902.3078542,
  "created": 1759703302.307863
}