{
  "data": {
    "data": "value-1756"
  },
  "expires": 1759706902.444333,
  "created": 1759703302.444343
}