{
  "data": {
    "data": "value-738"
  },
  "expires": 1759706902.185587,
  "created": 1759703302.1855948
}