{
  "data": {
    "data": "value-499"
  },
  "expires": 1759706902.124577,
  "created": 1759703302.124585
}