{
  "data": {
    "data": "value-1044"
  },
  "expires": 1759706902.2633889,
  "created": 1759703302.2633972
}