{
  "data": {
    "data": "value-854"
  },
  "expires": 1759706902.2152379,
  "created": 1759703302.215246
}