{
  "data": {
    "data": "value-749"
  },
  "expires": 1759706902.1882508,
  "created": 1759703302.18826
}