{
  "data": {
    "data": "value-705"
  },
  "expires": 1759706902.177342,
  "created": 1759703302.177352
}