{
  "data": {
    "data": "value-91"
  },
  "expires": 1759706902.0187252,
  "created": 1759703302.018733
}