{
  "data": {
    "data": "value-642"
  },
  "expires": 1759706902.1606588,
  "created": 1759703302.160672
}