{
  "data": {
    "data": "value-491"
  },
  "expires": 1759706902.122677,
  "created": 1759703302.122685
}