{
  "data": {
    "data": "value-334"
  },
  "expires": 1759706902.082245,
  "created": 1759703302.082253
}