{
  "data": {
    "data": "value-586"
  },
  "expires": 1759706902.146813,
  "created": 1759703302.146821
}