{
  "data": {
    "data": "value-455"
  },
  "expires": 1759706902.113601,
  "created": 1759703302.113609
}