{
  "data": {
    "data": "value-1517"
  },
  "expires": 1759706902.382668,
  "created": 1759703302.382677
}