{
  "data": {
    "data": "value-149"
  },
  "expires": 1759706902.034098,
  "created": 1759703302.034106
}