{
  "data": {
    "data": "value-1204"
  },
  "expires": 1759706902.303424,
  "created": 1759703302.303432
}