{
  "data": {
    "data": "value-158"
  },
  "expires": 1759706902.036284,
  "created": 1759703302.036292
}