{
  "data": {
    "data": "value-1459"
  },
  "expires": 1759706902.3680599,
  "created": 1759703302.368068
}