{
  "data": {
    "data": "value-229"
  },
  "expires": 1759706902.054694,
  "created": 1759703302.054703
}