{
  "data": {
    "data": "value-528"
  },
  "expires": 1759706902.131953,
  "created": 1759703302.131961
}