{
  "data": {
    "data": "value-747"
  },
  "expires": 1759706902.187653,
  "created": 1759703302.1876621
}