{
  "data": {
    "data": "value-1560"
  },
  "expires": 1759706902.393816,
  "created": 1759703302.393825
}