{
  "data": {
    "data": "value-1090"
  },
  "expires": 1759706902.274205,
  "created": 1759703302.274213
}