{
  "data": {
    "data": "value-579"
  },
  "expires": 1759706902.1450691,
  "created": 1759703302.145077
}