{
  "data": {
    "data": "value-1381"
  },
  "expires": 1759706902.348562,
  "created": 1759703302.3485692
}