{
  "data": {
    "data": "value-1370"
  },
  "expires": 1759706902.345763,
  "created": 1759703302.345771
}