{
  "data": {
    "data": "value-1608"
  },
  "expires": 1759706902.405677,
  "created": 1759703302.405686
}