{
  "data": {
    "data": "value-876"
  },
  "expires": 1759706902.220617,
  "created": 1759703302.220625
}