{
  "data": {
    "data": "value-165"
  },
  "expires": 1759706902.0379908,
  "created": 1759703302.0379992
}