{
  "data": {
    "data": "value-1286"
  },
  "expires": 1759706902.323609,
  "created": 1759703302.323617
}