{
  "data": {
    "data": "value-1377"
  },
  "expires": 1759706902.3476312,
  "created": 1759703302.347639
}