{
  "data": {
    "data": "value-566"
  },
  "expires": 1759706902.1415071,
  "created": 1759703302.141515
}