{
  "data": {
    "data": "value-678"
  },
  "expires": 1759706902.169854,
  "created": 1759703302.1698618
}