{
  "data": {
    "data": "value-376"
  },
  "expires": 1759706902.0925992,
  "created": 1759703302.092607
}