{
  "data": {
    "data": "value-985"
  },
  "expires": 1759706902.248289,
  "created": 1759703302.248297
}