{
  "data": {
    "data": "value-771"
  },
  "expires": 1759706902.1934762,
  "created": 1759703302.193484
}