{
  "data": {
    "data": "value-15"
  },
  "expires": 1759706901.999182,
  "created": 1759703301.99919
}