{
  "data": {
    "data": "value-1752"
  },
  "expires": 1759706902.442764,
  "created": 1759703302.442772
}