{
  "data": {
    "data": "value-1239"
  },
  "expires": 1759706902.31232,
  "created": 1759703302.3123279
}