{
  "data": {
    "data": "value-724"
  },
  "expires": 1759706902.182217,
  "created": 1759703302.182225
}