{
  "data": {
    "data": "value-1042"
  },
  "expires": 1759706902.262825,
  "created": 1759703302.2628329
}