{
  "data": {
    "data": "value-520"
  },
  "expires": 1759706902.130053,
  "created": 1759703302.1300611
}