{
  "data": {
    "data": "value-48"
  },
  "expires": 1759706902.007396,
  "created": 1759703302.007405
}