{
  "data": {
    "data": "value-1738"
  },
  "expires": 1759706902.439224,
  "created": 1759703302.439233
}