{
  "data": {
    "data": "value-785"
  },
  "expires": 1759706902.197609,
  "created": 1759703302.1976168
}