{
  "data": {
    "data": "value-1298"
  },
  "expires": 1759706902.326748,
  "created": 1759703302.326758
}