{
  "data": {
    "data": "value-297"
  },
  "expires": 1759706902.071719,
  "created": 1759703302.071729
}