{
  "data": {
    "data": "value-1462"
  },
  "expires": 1759706902.368748,
  "created": 1759703302.368756
}