{
  "data": {
    "data": "value-1628"
  },
  "expires": 1759706902.411156,
  "created": 1759703302.411165
}