{
  "data": {
    "data": "value-1773"
  },
  "expires": 1759706902.448481,
  "created": 1759703302.448489
}