{
  "data": {
    "data": "value-1176"
  },
  "expires": 1759706902.296572,
  "created": 1759703302.296581
}