{
  "data": {
    "data": "value-1519"
  },
  "expires": 1759706902.38313,
  "created": 1759703302.383138
}