{
  "data": {
    "data": "value-1583"
  },
  "expires": 1759706902.399523,
  "created": 1759703302.3995311
}