{
  "data": {
    "data": "value-58"
  },
  "expires": 1759706902.0103161,
  "created": 1759703302.010325
}