{
  "data": {
    "data": "value-1660"
  },
  "expires": 1759706902.419065,
  "created": 1759703302.419074
}