{
  "data": {
    "data": "value-1155"
  },
  "expires": 1759706902.2912042,
  "created": 1759703302.291212
}