{
  "data": {
    "data": "value-1985"
  },
  "expires": 1759706902.50733,
  "created": 1759703302.50734
}