{
  "data": {
    "data": "value-1001"
  },
  "expires": 1759706902.2521222,
  "created": 1759703302.25213
}