{
  "data": {
    "data": "value-777"
  },
  "expires": 1759706902.195563,
  "created": 1759703302.195572
}