{
  "data": {
    "data": "value-1304"
  },
  "expires": 1759706902.3287401,
  "created": 1759703302.3287501
}