{
  "data": {
    "data": "value-1526"
  },
  "expires": 1759706902.384746,
  "created": 1759703302.384754
}