{
  "data": {
    "data": "value-83"
  },
  "expires": 1759706902.0168362,
  "created": 1759703302.016843
}