{
  "data": {
    "data": "value-669"
  },
  "expires": 1759706902.167573,
  "created": 1759703302.1675808
}