{
  "data": {
    "data": "value-1627"
  },
  "expires": 1759706902.410914,
  "created": 1759703302.410923
}