{
  "data": {
    "data": "value-294"
  },
  "expires": 1759706902.070953,
  "created": 1759703302.070961
}