{
  "data": {
    "data": "value-688"
  },
  "expires": 1759706902.172446,
  "created": 1759703302.1724539
}