{
  "data": {
    "data": "value-725"
  },
  "expires": 1759706902.182537,
  "created": 1759703302.182545
}