{
  "data": {
    "data": "value-1934"
  },
  "expires": 1759706902.494497,
  "created": 1759703302.494506
}