{
  "data": {
    "data": "value-1685"
  },
  "expires": 1759706902.425348,
  "created": 1759703302.4253561
}