{
  "data": {
    "data": "value-975"
  },
  "expires": 1759706902.2459562,
  "created": 1759703302.245964
}