{
  "data": {
    "data": "value-1143"
  },
  "expires": 1759706902.2882051,
  "created": 1759703302.288214
}