{
  "data": {
    "data": "value-752"
  },
  "expires": 1759706902.188994,
  "created": 1759703302.189002
}