{
  "data": {
    "data": "value-823"
  },
  "expires": 1759706902.2070458,
  "created": 1759703302.207062
}