{
  "data": {
    "data": "value-1449"
  },
  "expires": 1759706902.365649,
  "created": 1759703302.365657
}