{
  "data": {
    "data": "value-1305"
  },
  "expires": 1759706902.328985,
  "created": 1759703302.328993
}