{
  "data": {
    "data": "value-1458"
  },
  "expires": 1759706902.367826,
  "created": 1759703302.367834
}