{
  "data": {
    "data": "value-865"
  },
  "expires": 1759706902.217827,
  "created": 1759703302.217837
}