{
  "data": {
    "data": "value-1276"
  },
  "expires": 1759706902.3211899,
  "created": 1759703302.321198
}