{
  "data": {
    "data": "value-474"
  },
  "expires": 1759706902.11834,
  "created": 1759703302.1183481
}