{
  "data": {
    "data": "value-1996"
  },
  "expires": 1759706902.510109,
  "created": 1759703302.510127
}