{
  "data": {
    "data": "value-1585"
  },
  "expires": 1759706902.399987,
  "created": 1759703302.3999949
}