{
  "data": {
    "data": "value-802"
  },
  "expires": 1759706902.201819,
  "created": 1759703302.201827
}