{
  "data": {
    "data": "value-679"
  },
  "expires": 1759706902.170094,
  "created": 1759703302.1701021
}