{
  "data": {
    "data": "value-674"
  },
  "expires": 1759706902.168761,
  "created": 1759703302.16877
}