{
  "data": {
    "data": "value-1916"
  },
  "expires": 1759706902.489407,
  "created": 1759703302.489415
}