{
  "data": {
    "data": "value-250"
  },
  "expires": 1759706902.060004,
  "created": 1759703302.060014
}