{
  "data": {
    "data": "value-415"
  },
  "expires": 1759706902.1026402,
  "created": 1759703302.102649
}