{
  "data": {
    "data": "value-285"
  },
  "expires": 1759706902.068778,
  "created": 1759703302.068786
}