{
  "data": {
    "data": "value-848"
  },
  "expires": 1759706902.213818,
  "created": 1759703302.2138271
}