{
  "data": {
    "data": "value-720"
  },
  "expires": 1759706902.181251,
  "created": 1759703302.181259
}