{
  "data": {
    "data": "value-1315"
  },
  "expires": 1759706902.3315048,
  "created": 1759703302.3315132
}