{
  "data": {
    "data": "value-710"
  },
  "expires": 1759706902.1786938,
  "created": 1759703302.178703
}