{
  "data": {
    "data": "value-1743"
  },
  "expires": 1759706902.440502,
  "created": 1759703302.44051
}