{
  "data": {
    "data": "value-1434"
  },
  "expires": 1759706902.361977,
  "created": 1759703302.361985
}