{
  "data": {
    "data": "value-300"
  },
  "expires": 1759706902.072457,
  "created": 1759703302.072465
}