{
  "data": {
    "data": "value-1116"
  },
  "expires": 1759706902.281216,
  "created": 1759703302.281224
}