{
  "data": {
    "data": "value-1166"
  },
  "expires": 1759706902.294154,
  "created": 1759703302.294163
}