{
  "data": {
    "data": "value-672"
  },
  "expires": 1759706902.1682959,
  "created": 1759703302.1683042
}