{
  "data": {
    "data": "value-1323"
  },
  "expires": 1759706902.333368,
  "created": 1759703302.333376
}