{
  "data": {
    "data": "value-1379"
  },
  "expires": 1759706902.3481002,
  "created": 1759703302.348108
}