{
  "data": {
    "data": "value-1463"
  },
  "expires": 1759706902.3689868,
  "created": 1759703302.3689952
}