{
  "data": {
    "data": "value-1626"
  },
  "expires": 1759706902.410669,
  "created": 1759703302.410678
}