{
  "data": {
    "data": "value-345"
  },
  "expires": 1759706902.084934,
  "created": 1759703302.084943
}