{
  "data": {
    "data": "value-988"
  },
  "expires": 1759706902.2489758,
  "created": 1759703302.248985
}