{
  "data": {
    "data": "value-1840"
  },
  "expires": 1759706902.470305,
  "created": 1759703302.470313
}