{
  "data": {
    "data": "value-658"
  },
  "expires": 1759706902.1649501,
  "created": 1759703302.164959
}