{
  "data": {
    "data": "value-296"
  },
  "expires": 1759706902.071423,
  "created": 1759703302.071431
}