{
  "data": {
    "data": "value-1877"
  },
  "expires": 1759706902.4799201,
  "created": 1759703302.479928
}