{
  "data": {
    "data": "value-1749"
  },
  "expires": 1759706902.4420638,
  "created": 1759703302.442073
}