{
  "data": {
    "data": "value-464"
  },
  "expires": 1759706902.115852,
  "created": 1759703302.11586
}