{
  "data": {
    "data": "value-1554"
  },
  "expires": 1759706902.391926,
  "created": 1759703302.391934
}