{
  "data": {
    "data": "value-993"
  },
  "expires": 1759706902.2502148,
  "created": 1759703302.2502232
}