{
  "data": {
    "data": "value-249"
  },
  "expires": 1759706902.059618,
  "created": 1759703302.059629
}