{
  "data": {
    "data": "value-1065"
  },
  "expires": 1759706902.268286,
  "created": 1759703302.2682939
}