{
  "data": {
    "data": "value-1335"
  },
  "expires": 1759706902.336239,
  "created": 1759703302.336247
}