{
  "data": {
    "data": "value-1558"
  },
  "expires": 1759706902.393043,
  "created": 1759703302.3930528
}