{
  "data": {
    "data": "value-124"
  },
  "expires": 1759706902.0272892,
  "created": 1759703302.0272992
}