{
  "data": {
    "data": "value-1649"
  },
  "expires": 1759706902.41623,
  "created": 1759703302.416238
}