{
  "data": {
    "data": "value-1299"
  },
  "expires": 1759706902.3270872,
  "created": 1759703302.327116
}