{
  "data": {
    "data": "value-1097"
  },
  "expires": 1759706902.275929,
  "created": 1759703302.275937
}