{
  "data": {
    "data": "value-1343"
  },
  "expires": 1759706902.338083,
  "created": 1759703302.3381171
}