{
  "data": {
    "data": "value-1111"
  },
  "expires": 1759706902.2799628,
  "created": 1759703302.2799711
}