{
  "data": {
    "data": "value-1057"
  },
  "expires": 1759706902.266419,
  "created": 1759703302.266426
}