{
  "data": {
    "data": "value-466"
  },
  "expires": 1759706902.116318,
  "created": 1759703302.1163259
}