{
  "data": {
    "data": "value-397"
  },
  "expires": 1759706902.0983198,
  "created": 1759703302.098328
}