{
  "data": {
    "data": "value-396"
  },
  "expires": 1759706902.098078,
  "created": 1759703302.0980868
}