{
  "data": {
    "data": "value-1795"
  },
  "expires": 1759706902.4538481,
  "created": 1759703302.453856
}