{
  "data": {
    "data": "value-1595"
  },
  "expires": 1759706902.402303,
  "created": 1759703302.4023108
}