{
  "data": {
    "data": "value-1464"
  },
  "expires": 1759706902.369219,
  "created": 1759703302.369227
}