{
  "data": {
    "data": "value-713"
  },
  "expires": 1759706902.179511,
  "created": 1759703302.17952
}