{
  "data": {
    "data": "value-1163"
  },
  "expires": 1759706902.29339,
  "created": 1759703302.293399
}