{
  "data": {
    "data": "value-441"
  },
  "expires": 1759706902.109406,
  "created": 1759703302.109416
}