{
  "data": {
    "data": "value-1136"
  },
  "expires": 1759706902.286449,
  "created": 1759703302.286458
}