{
  "data": {
    "data": "value-1294"
  },
  "expires": 1759706902.325488,
  "created": 1759703302.325496
}