{
  "data": {
    "data": "value-20"
  },
  "expires": 1759706902.000407,
  "created": 1759703302.000415
}