{
  "data": {
    "data": "value-1426"
  },
  "expires": 1759706902.3593102,
  "created": 1759703302.359318
}