{
  "data": {
    "data": "value-1713"
  },
  "expires": 1759706902.4328651,
  "created": 1759703302.432875
}