{
  "data": {
    "data": "value-5"
  },
  "expires": 1759706901.996664,
  "created": 1759703301.996673
}