{
  "data": {
    "data": "value-1566"
  },
  "expires": 1759706902.395395,
  "created": 1759703302.395403
}