{
  "data": {
    "data": "value-839"
  },
  "expires": 1759706902.211481,
  "created": 1759703302.2114902
}