{
  "data": {
    "data": "value-1524"
  },
  "expires": 1759706902.3842869,
  "created": 1759703302.384295
}