{
  "data": {
    "data": "value-632"
  },
  "expires": 1759706902.1578639,
  "created": 1759703302.1578722
}