{
  "data": {
    "data": "value-1295"
  },
  "expires": 1759706902.325724,
  "created": 1759703302.325732
}