{
  "data": {
    "data": "value-267"
  },
  "expires": 1759706902.064546,
  "created": 1759703302.064555
}