{
  "data": {
    "data": "value-433"
  },
  "expires": 1759706902.107268,
  "created": 1759703302.107276
}