{
  "data": {
    "data": "value-1862"
  },
  "expires": 1759706902.47547,
  "created": 1759703302.475478
}