{
  "data": {
    "data": "value-273"
  },
  "expires": 1759706902.065977,
  "created": 1759703302.065985
}