{
  "data": {
    "data": "value-1248"
  },
  "expires": 1759706902.314527,
  "created": 1759703302.314535
}