{
  "data": {
    "data": "value-1989"
  },
  "expires": 1759706902.508364,
  "created": 1759703302.508372
}