{
  "data": {
    "data": "value-256"
  },
  "expires": 1759706902.061756,
  "created": 1759703302.0617652
}