{
  "data": {
    "data": "value-584"
  },
  "expires": 1759706902.146352,
  "created": 1759703302.1463602
}