{
  "data": {
    "data": "value-1471"
  },
  "expires": 1759706902.370801,
  "created": 1759703302.370809
}