{
  "data": {
    "data": "value-558"
  },
  "expires": 1759706902.139555,
  "created": 1759703302.139563
}