{
  "data": {
    "data": "value-1718"
  },
  "expires": 1759706902.434208,
  "created": 1759703302.434216
}