{
  "data": {
    "data": "value-819"
  },
  "expires": 1759706902.205973,
  "created": 1759703302.205982
}