{
  "data": {
    "data": "value-1637"
  },
  "expires": 1759706902.413408,
  "created": 1759703302.413416
}