{
  "data": {
    "data": "value-195"
  },
  "expires": 1759706902.046602,
  "created": 1759703302.046614
}