{
  "data": {
    "data": "value-1946"
  },
  "expires": 1759706902.49782,
  "created": 1759703302.497828
}