{
  "data": {
    "data": "value-1066"
  },
  "expires": 1759706902.268519,
  "created": 1759703302.268527
}