{
  "data": {
    "data": "value-1902"
  },
  "expires": 1759706902.485996,
  "created": 1759703302.4860039
}