{
  "data": {
    "data": "value-494"
  },
  "expires": 1759706902.12342,
  "created": 1759703302.123429
}