{
  "data": {
    "data": "value-1398"
  },
  "expires": 1759706902.3524458,
  "created": 1759703302.352454
}