{
  "data": {
    "data": "value-703"
  },
  "expires": 1759706902.1764731,
  "created": 1759703302.176488
}