{
  "data": {
    "data": "value-387"
  },
  "expires": 1759706902.095971,
  "created": 1759703302.095979
}