{
  "data": {
    "data": "value-330"
  },
  "expires": 1759706902.08128,
  "created": 1759703302.0812879
}