{
  "data": {
    "data": "value-641"
  },
  "expires": 1759706902.160341,
  "created": 1759703302.160351
}