{
  "data": {
    "data": "value-1054"
  },
  "expires": 1759706902.2657201,
  "created": 1759703302.265728
}