{
  "data": {
    "data": "value-793"
  },
  "expires": 1759706902.19956,
  "created": 1759703302.199569
}