{
  "data": {
    "data": "value-1680"
  },
  "expires": 1759706902.424167,
  "created": 1759703302.424175
}