{
  "data": {
    "data": "value-1088"
  },
  "expires": 1759706902.273729,
  "created": 1759703302.273737
}