{
  "data": {
    "data": "value-1329"
  },
  "expires": 1759706902.334841,
  "created": 1759703302.33485
}