{
  "data": {
    "data": "value-1076"
  },
  "expires": 1759706902.2709582,
  "created": 1759703302.270966
}