{
  "data": {
    "data": "value-78"
  },
  "expires": 1759706902.015649,
  "created": 1759703302.015657
}