{
  "data": {
    "data": "value-902"
  },
  "expires": 1759706902.2273622,
  "created": 1759703302.227371
}