{
  "data": {
    "data": "value-1293"
  },
  "expires": 1759706902.3252292,
  "created": 1759703302.325237
}