{
  "data": {
    "data": "value-1123"
  },
  "expires": 1759706902.283168,
  "created": 1759703302.283177
}