{
  "data": {
    "data": "value-1784"
  },
  "expires": 1759706902.451176,
  "created": 1759703302.451184
}