{
  "data": {
    "data": "value-739"
  },
  "expires": 1759706902.1858182,
  "created": 1759703302.185826
}