{
  "data": {
    "data": "value-1147"
  },
  "expires": 1759706902.289265,
  "created": 1759703302.2892742
}