{
  "data": {
    "data": "value-242"
  },
  "expires": 1759706902.057715,
  "created": 1759703302.0577228
}