{
  "data": {
    "data": "value-583"
  },
  "expires": 1759706902.1461172,
  "created": 1759703302.146126
}