{
  "data": {
    "data": "value-64"
  },
  "expires": 1759706902.0121129,
  "created": 1759703302.0121229
}