{
  "data": {
    "data": "value-544"
  },
  "expires": 1759706902.1361148,
  "created": 1759703302.136124
}