{
  "data": {
    "data": "value-1998"
  },
  "expires": 1759706902.511064,
  "created": 1759703302.511075
}