{
  "data": {
    "data": "value-278"
  },
  "expires": 1759706902.067143,
  "created": 1759703302.0671518
}