{
  "data": {
    "data": "value-429"
  },
  "expires": 1759706902.106293,
  "created": 1759703302.1063008
}