{
  "data": {
    "data": "value-1823"
  },
  "expires": 1759706902.466348,
  "created": 1759703302.466356
}