{
  "data": {
    "data": "value-1537"
  },
  "expires": 1759706902.3874428,
  "created": 1759703302.387452
}