{
  "data": {
    "data": "value-1574"
  },
  "expires": 1759706902.3972878,
  "created": 1759703302.3972962
}