{
  "data": {
    "data": "value-625"
  },
  "expires": 1759706902.156139,
  "created": 1759703302.156147
}