{
  "data": {
    "data": "value-693"
  },
  "expires": 1759706902.1736882,
  "created": 1759703302.173696
}