{
  "data": {
    "data": "value-795"
  },
  "expires": 1759706902.2000341,
  "created": 1759703302.200043
}