{
  "data": {
    "data": "value-114"
  },
  "expires": 1759706902.024276,
  "created": 1759703302.024284
}