{
  "data": {
    "data": "value-1532"
  },
  "expires": 1759706902.386225,
  "created": 1759703302.386233
}