{
  "data": {
    "data": "value-1427"
  },
  "expires": 1759706902.359545,
  "created": 1759703302.359553
}