{
  "data": {
    "data": "value-1153"
  },
  "expires": 1759706902.290721,
  "created": 1759703302.290729
}