{
  "data": {
    "data": "value-1854"
  },
  "expires": 1759706902.473629,
  "created": 1759703302.4736362
}