{
  "data": {
    "data": "value-1861"
  },
  "expires": 1759706902.475243,
  "created": 1759703302.475251
}