{
  "data": {
    "data": "value-650"
  },
  "expires": 1759706902.162823,
  "created": 1759703302.1628318
}