{
  "data": {
    "data": "value-961"
  },
  "expires": 1759706902.242065,
  "created": 1759703302.242074
}