{
  "data": {
    "data": "value-1578"
  },
  "expires": 1759706902.398206,
  "created": 1759703302.3982139
}