{
  "data": {
    "data": "value-383"
  },
  "expires": 1759706902.09485,
  "created": 1759703302.094858
}