{
  "data": {
    "data": "value-942"
  },
  "expires": 1759706902.237043,
  "created": 1759703302.237052
}