{
  "data": {
    "data": "value-1697"
  },
  "expires": 1759706902.4289541,
  "created": 1759703302.428962
}