{
  "data": {
    "data": "value-821"
  },
  "expires": 1759706902.206523,
  "created": 1759703302.206531
}