{
  "data": {
    "data": "value-875"
  },
  "expires": 1759706902.220374,
  "created": 1759703302.220382
}