{
  "data": {
    "data": "value-602"
  },
  "expires": 1759706902.15064,
  "created": 1759703302.150649
}