{
  "data": {
    "data": "value-977"
  },
  "expires": 1759706902.24642,
  "created": 1759703302.246429
}