{
  "data": {
    "data": "value-765"
  },
  "expires": 1759706902.192063,
  "created": 1759703302.192071
}