{
  "data": {
    "data": "value-861"
  },
  "expires": 1759706902.216833,
  "created": 1759703302.216841
}