{
  "data": {
    "data": "value-1995"
  },
  "expires": 1759706902.5097978,
  "created": 1759703302.5098062
}