{
  "data": {
    "data": "value-1742"
  },
  "expires": 1759706902.440269,
  "created": 1759703302.440277
}