{
  "data": {
    "data": "value-1433"
  },
  "expires": 1759706902.361727,
  "created": 1759703302.3617349
}