{
  "data": {
    "data": "value-1938"
  },
  "expires": 1759706902.495593,
  "created": 1759703302.495602
}