{
  "data": {
    "data": "value-1609"
  },
  "expires": 1759706902.405918,
  "created": 1759703302.405926
}