{
  "data": {
    "data": "value-614"
  },
  "expires": 1759706902.153503,
  "created": 1759703302.1535108
}