{
  "data": {
    "data": "value-1878"
  },
  "expires": 1759706902.480159,
  "created": 1759703302.4801679
}