{
  "data": {
    "data": "value-1588"
  },
  "expires": 1759706902.4006772,
  "created": 1759703302.400685
}