{
  "data": {
    "data": "value-1710"
  },
  "expires": 1759706902.432051,
  "created": 1759703302.4320588
}