{
  "data": {
    "data": "value-1802"
  },
  "expires": 1759706902.45564,
  "created": 1759703302.455648
}