{
  "data": {
    "data": "value-637"
  },
  "expires": 1759706902.1590211,
  "created": 1759703302.159029
}