{
  "data": {
    "data": "value-1432"
  },
  "expires": 1759706902.3614569,
  "created": 1759703302.3614662
}