{
  "data": {
    "data": "value-1779"
  },
  "expires": 1759706902.44995,
  "created": 1759703302.4499578
}