{
  "data": {
    "data": "value-1418"
  },
  "expires": 1759706902.3573709,
  "created": 1759703302.357381
}