{
  "data": {
    "data": "value-1215"
  },
  "expires": 1759706902.305967,
  "created": 1759703302.305975
}