{
  "data": {
    "data": "value-1032"
  },
  "expires": 1759706902.259841,
  "created": 1759703302.25985
}