{
  "data": {
    "data": "value-1781"
  },
  "expires": 1759706902.4504151,
  "created": 1759703302.450424
}