{
  "data": {
    "data": "value-277"
  },
  "expires": 1759706902.066905,
  "created": 1759703302.0669131
}