{
  "data": {
    "data": "value-1203"
  },
  "expires": 1759706902.303187,
  "created": 1759703302.3031948
}