{
  "data": {
    "data": "value-1953"
  },
  "expires": 1759706902.499545,
  "created": 1759703302.499553
}