{
  "data": {
    "data": "value-1569"
  },
  "expires": 1759706902.396123,
  "created": 1759703302.396131
}