{
  "data": {
    "data": "value-617"
  },
  "expires": 1759706902.154193,
  "created": 1759703302.1542022
}