{
  "data": {
    "data": "value-517"
  },
  "expires": 1759706902.1293492,
  "created": 1759703302.129357
}