{
  "data": {
    "data": "value-1265"
  },
  "expires": 1759706902.318526,
  "created": 1759703302.3185332
}