{
  "data": {
    "data": "value-811"
  },
  "expires": 1759706902.203967,
  "created": 1759703302.203976
}