{
  "data": {
    "data": "value-1146"
  },
  "expires": 1759706902.2889369,
  "created": 1759703302.288945
}