{
  "data": {
    "data": "value-836"
  },
  "expires": 1759706902.210654,
  "created": 1759703302.2106938
}