{
  "data": {
    "data": "value-1511"
  },
  "expires": 1759706902.381263,
  "created": 1759703302.3812711
}