{
  "data": {
    "data": "value-66"
  },
  "expires": 1759706902.0126789,
  "created": 1759703302.012688
}