{
  "data": {
    "data": "value-67"
  },
  "expires": 1759706902.012929,
  "created": 1759703302.012937
}