{
  "data": {
    "data": "value-1728"
  },
  "expires": 1759706902.4367201,
  "created": 1759703302.436728
}