{
  "data": {
    "data": "value-188"
  },
  "expires": 1759706902.044459,
  "created": 1759703302.044468
}