{
  "data": {
    "data": "value-203"
  },
  "expires": 1759706902.048574,
  "created": 1759703302.048583
}