{
  "data": {
    "data": "value-478"
  },
  "expires": 1759706902.119374,
  "created": 1759703302.119382
}