{
  "data": {
    "data": "value-471"
  },
  "expires": 1759706902.117589,
  "created": 1759703302.117601
}