{
  "data": {
    "data": "value-998"
  },
  "expires": 1759706902.251369,
  "created": 1759703302.2513778
}