{
  "data": {
    "data": "value-1850"
  },
  "expires": 1759706902.472695,
  "created": 1759703302.472703
}