{
  "data": {
    "data": "value-1021"
  },
  "expires": 1759706902.2570581,
  "created": 1759703302.257066
}