{
  "data": {
    "data": "value-729"
  },
  "expires": 1759706902.18348,
  "created": 1759703302.183488
}