{
  "data": {
    "data": "value-523"
  },
  "expires": 1759706902.130761,
  "created": 1759703302.13077
}