{
  "data": {
    "data": "value-186"
  },
  "expires": 1759706902.043932,
  "created": 1759703302.043941
}