{
  "data": {
    "data": "value-1722"
  },
  "expires": 1759706902.435287,
  "created": 1759703302.4352949
}