{
  "data": {
    "data": "value-469"
  },
  "expires": 1759706902.117069,
  "created": 1759703302.117078
}