{
  "data": {
    "data": "value-1410"
  },
  "expires": 1759706902.355416,
  "created": 1759703302.355424
}