{
  "data": {
    "data": "value-457"
  },
  "expires": 1759706902.114066,
  "created": 1759703302.1140742
}