{
  "data": {
    "data": "value-624"
  },
  "expires": 1759706902.155909,
  "created": 1759703302.1559172
}