{
  "data": {
    "data": "value-1027"
  },
  "expires": 1759706902.258493,
  "created": 1759703302.258501
}