{
  "data": {
    "data": "value-1562"
  },
  "expires": 1759706902.394444,
  "created": 1759703302.394453
}