{
  "data": {
    "data": "value-548"
  },
  "expires": 1759706902.137068,
  "created": 1759703302.137077
}