{
  "data": {
    "data": "value-1624"
  },
  "expires": 1759706902.410114,
  "created": 1759703302.410123
}