{
  "data": {
    "data": "value-1353"
  },
  "expires": 1759706902.340705,
  "created": 1759703302.3407161
}