{
  "data": {
    "data": "value-1905"
  },
  "expires": 1759706902.486707,
  "created": 1759703302.4867148
}