{
  "data": {
    "data": "value-786"
  },
  "expires": 1759706902.197856,
  "created": 1759703302.197865
}