{
  "data": {
    "data": "value-1510"
  },
  "expires": 1759706902.3810308,
  "created": 1759703302.3810391
}