{
  "data": {
    "data": "value-1604"
  },
  "expires": 1759706902.404625,
  "created": 1759703302.404633
}