{
  "data": {
    "data": "value-1046"
  },
  "expires": 1759706902.263853,
  "created": 1759703302.2638621
}