{
  "data": {
    "data": "value-1579"
  },
  "expires": 1759706902.39844,
  "created": 1759703302.3984482
}