{
  "data": {
    "data": "value-871"
  },
  "expires": 1759706902.2194161,
  "created": 1759703302.219425
}