{
  "data": {
    "data": "value-1730"
  },
  "expires": 1759706902.437185,
  "created": 1759703302.437193
}