{
  "data": {
    "data": "value-96"
  },
  "expires": 1759706902.019884,
  "created": 1759703302.019891
}