{
  "data": {
    "data": "value-1245"
  },
  "expires": 1759706902.313836,
  "created": 1759703302.313845
}