{
  "data": {
    "data": "value-490"
  },
  "expires": 1759706902.122447,
  "created": 1759703302.122456
}