{
  "data": {
    "data": "value-400"
  },
  "expires": 1759706902.099023,
  "created": 1759703302.099031
}