{
  "data": {
    "data": "value-155"
  },
  "expires": 1759706902.035563,
  "created": 1759703302.035572
}