{
  "data": {
    "data": "value-1571"
  },
  "expires": 1759706902.396589,
  "created": 1759703302.396598
}