{
  "data": {
    "data": "value-1170"
  },
  "expires": 1759706902.295088,
  "created": 1759703302.2950962
}