{
  "data": {
    "data": "value-1963"
  },
  "expires": 1759706902.501838,
  "created": 1759703302.501846
}