{
  "data": {
    "data": "value-1192"
  },
  "expires": 1759706902.300468,
  "created": 1759703302.3004758
}