{
  "data": {
    "data": "value-42"
  },
  "expires": 1759706902.005874,
  "created": 1759703302.005885
}