{
  "data": {
    "data": "value-467"
  },
  "expires": 1759706902.1165462,
  "created": 1759703302.116555
}