{
  "data": {
    "data": "value-1794"
  },
  "expires": 1759706902.4536169,
  "created": 1759703302.4536262
}