{
  "data": {
    "data": "value-1435"
  },
  "expires": 1759706902.3623092,
  "created": 1759703302.362318
}