{
  "data": {
    "data": "value-1770"
  },
  "expires": 1759706902.447781,
  "created": 1759703302.447789
}