{
  "data": {
    "data": "value-1884"
  },
  "expires": 1759706902.481596,
  "created": 1759703302.481604
}