{
  "data": {
    "data": "value-388"
  },
  "expires": 1759706902.0962062,
  "created": 1759703302.096214
}