{
  "data": {
    "data": "value-1895"
  },
  "expires": 1759706902.484334,
  "created": 1759703302.484342
}