{
  "data": {
    "data": "value-635"
  },
  "expires": 1759706902.158558,
  "created": 1759703302.158566
}