{
  "data": {
    "data": "value-1128"
  },
  "expires": 1759706902.28439,
  "created": 1759703302.284399
}