{
  "data": {
    "data": "value-1384"
  },
  "expires": 1759706902.3492339,
  "created": 1759703302.3492422
}