{
  "data": {
    "data": "value-329"
  },
  "expires": 1759706902.081037,
  "created": 1759703302.081046
}