{
  "data": {
    "data": "value-1051"
  },
  "expires": 1759706902.265034,
  "created": 1759703302.2650418
}