{
  "data": {
    "data": "value-849"
  },
  "expires": 1759706902.2140532,
  "created": 1759703302.214061
}