{
  "data": {
    "data": "value-130"
  },
  "expires": 1759706902.028946,
  "created": 1759703302.028954
}