{
  "data": {
    "data": "value-17"
  },
  "expires": 1759706901.999669,
  "created": 1759703301.999677
}