{
  "data": {
    "data": "value-1296"
  },
  "expires": 1759706902.326014,
  "created": 1759703302.3260229
}