{
  "data": {
    "data": "value-1228"
  },
  "expires": 1759706902.309128,
  "created": 1759703302.309136
}