{
  "data": {
    "data": "value-753"
  },
  "expires": 1759706902.189234,
  "created": 1759703302.1892428
}