{
  "data": {
    "data": "value-1570"
  },
  "expires": 1759706902.396357,
  "created": 1759703302.3963652
}