{
  "data": {
    "data": "value-1973"
  },
  "expires": 1759706902.504239,
  "created": 1759703302.5042481
}