{
  "data": {
    "data": "value-1913"
  },
  "expires": 1759706902.4887092,
  "created": 1759703302.488717
}