{
  "data": {
    "data": "value-107"
  },
  "expires": 1759706902.0226529,
  "created": 1759703302.02266
}