{
  "data": {
    "data": "value-1475"
  },
  "expires": 1759706902.37171,
  "created": 1759703302.371718
}