{
  "data": {
    "data": "value-791"
  },
  "expires": 1759706902.199081,
  "created": 1759703302.1990888
}