{
  "data": {
    "data": "value-1808"
  },
  "expires": 1759706902.457081,
  "created": 1759703302.457089
}