{
  "data": {
    "data": "value-1137"
  },
  "expires": 1759706902.286689,
  "created": 1759703302.286697
}