{
  "data": {
    "data": "value-1725"
  },
  "expires": 1759706902.436019,
  "created": 1759703302.4360268
}