{
  "data": {
    "data": "value-1253"
  },
  "expires": 1759706902.315768,
  "created": 1759703302.315776
}