{
  "data": {
    "data": "value-1086"
  },
  "expires": 1759706902.2732642,
  "created": 1759703302.273272
}