{
  "data": {
    "data": "value-1326"
  },
  "expires": 1759706902.334143,
  "created": 1759703302.334151
}