{
  "data": {
    "data": "value-1310"
  },
  "expires": 1759706902.330314,
  "created": 1759703302.330322
}