{
  "data": {
    "data": "value-908"
  },
  "expires": 1759706902.228839,
  "created": 1759703302.228847
}