{
  "data": {
    "data": "value-1002"
  },
  "expires": 1759706902.252353,
  "created": 1759703302.252361
}