{
  "data": {
    "data": "value-510"
  },
  "expires": 1759706902.127489,
  "created": 1759703302.127498
}