{
  "data": {
    "data": "value-987"
  },
  "expires": 1759706902.248746,
  "created": 1759703302.248754
}