{
  "data": {
    "data": "value-319"
  },
  "expires": 1759706902.0782988,
  "created": 1759703302.078308
}