{
  "data": {
    "data": "value-1892"
  },
  "expires": 1759706902.483468,
  "created": 1759703302.483476
}