{
  "data": {
    "data": "value-1373"
  },
  "expires": 1759706902.346483,
  "created": 1759703302.3464909
}