{
  "data": {
    "data": "value-580"
  },
  "expires": 1759706902.145411,
  "created": 1759703302.14542
}