{
  "data": {
    "data": "value-536"
  },
  "expires": 1759706902.13404,
  "created": 1759703302.134049
}