{
  "data": {
    "data": "value-292"
  },
  "expires": 1759706902.070477,
  "created": 1759703302.0704849
}