{
  "data": {
    "data": "value-1191"
  },
  "expires": 1759706902.300228,
  "created": 1759703302.300237
}