{
  "data": {
    "data": "value-118"
  },
  "expires": 1759706902.025194,
  "created": 1759703302.0252008
}