{
  "data": {
    "data": "value-1771"
  },
  "expires": 1759706902.448016,
  "created": 1759703302.448024
}