{
  "data": {
    "data": "value-1062"
  },
  "expires": 1759706902.2675982,
  "created": 1759703302.267606
}