{
  "data": {
    "data": "value-1133"
  },
  "expires": 1759706902.285722,
  "created": 1759703302.2857301
}