{
  "data": {
    "data": "value-1657"
  },
  "expires": 1759706902.4182432,
  "created": 1759703302.418251
}