{
  "data": {
    "data": "value-572"
  },
  "expires": 1759706902.14309,
  "created": 1759703302.143101
}