{
  "data": {
    "data": "value-366"
  },
  "expires": 1759706902.090134,
  "created": 1759703302.090143
}