{
  "data": {
    "data": "value-1821"
  },
  "expires": 1759706902.465884,
  "created": 1759703302.465892
}