{
  "data": {
    "data": "value-663"
  },
  "expires": 1759706902.1661599,
  "created": 1759703302.1661692
}