{
  "data": {
    "data": "value-514"
  },
  "expires": 1759706902.128572,
  "created": 1759703302.128581
}