{
  "data": {
    "data": "value-303"
  },
  "expires": 1759706902.073192,
  "created": 1759703302.0732002
}