{
  "data": {
    "data": "value-1698"
  },
  "expires": 1759706902.429195,
  "created": 1759703302.429203
}