{
  "data": {
    "data": "value-1007"
  },
  "expires": 1759706902.253524,
  "created": 1759703302.253532
}