{
  "data": {
    "data": "value-728"
  },
  "expires": 1759706902.1832478,
  "created": 1759703302.1832561
}