{
  "data": {
    "data": "value-157"
  },
  "expires": 1759706902.036048,
  "created": 1759703302.036056
}