{
  "data": {
    "data": "value-1865"
  },
  "expires": 1759706902.476157,
  "created": 1759703302.476165
}