{
  "data": {
    "data": "value-980"
  },
  "expires": 1759706902.247128,
  "created": 1759703302.247136
}