{
  "data": {
    "data": "value-582"
  },
  "expires": 1759706902.1458838,
  "created": 1759703302.1458921
}