{
  "data": {
    "data": "value-883"
  },
  "expires": 1759706902.222442,
  "created": 1759703302.22245
}