{
  "data": {
    "data": "value-497"
  },
  "expires": 1759706902.1241112,
  "created": 1759703302.124119
}