{
  "data": {
    "data": "value-622"
  },
  "expires": 1759706902.15544,
  "created": 1759703302.155448
}