{
  "data": {
    "data": "value-1386"
  },
  "expires": 1759706902.34971,
  "created": 1759703302.349718
}