{
  "data": {
    "data": "value-1025"
  },
  "expires": 1759706902.258024,
  "created": 1759703302.2580328
}