{
  "data": {
    "data": "value-803"
  },
  "expires": 1759706902.2020638,
  "created": 1759703302.2020721
}