{
  "data": {
    "data": "value-1187"
  },
  "expires": 1759706902.29919,
  "created": 1759703302.299198
}