{
  "data": {
    "data": "value-939"
  },
  "expires": 1759706902.236274,
  "created": 1759703302.236282
}