{
  "data": {
    "data": "value-148"
  },
  "expires": 1759706902.033855,
  "created": 1759703302.0338628
}