{
  "data": {
    "data": "value-1200"
  },
  "expires": 1759706902.3024058,
  "created": 1759703302.3024619
}