{
  "data": {
    "data": "value-436"
  },
  "expires": 1759706902.108095,
  "created": 1759703302.1081028
}