{
  "data": {
    "data": "value-1347"
  },
  "expires": 1759706902.339138,
  "created": 1759703302.339147
}