{
  "data": {
    "data": "value-1965"
  },
  "expires": 1759706902.502291,
  "created": 1759703302.5022988
}