{
  "data": {
    "data": "value-163"
  },
  "expires": 1759706902.03749,
  "created": 1759703302.037498
}