{
  "data": {
    "data": "value-515"
  },
  "expires": 1759706902.128819,
  "created": 1759703302.1288278
}