{
  "data": {
    "data": "value-925"
  },
  "expires": 1759706902.233061,
  "created": 1759703302.233069
}