{
  "data": {
    "data": "value-291"
  },
  "expires": 1759706902.070246,
  "created": 1759703302.070254
}