{
  "data": {
    "data": "value-125"
  },
  "expires": 1759706902.027583,
  "created": 1759703302.027592
}