{
  "data": {
    "data": "value-1284"
  },
  "expires": 1759706902.3231518,
  "created": 1759703302.3231602
}