{
  "data": {
    "data": "value-1582"
  },
  "expires": 1759706902.399136,
  "created": 1759703302.399144
}