{
  "data": {
    "data": "value-391"
  },
  "expires": 1759706902.0969112,
  "created": 1759703302.096919
}