{
  "data": {
    "data": "value-880"
  },
  "expires": 1759706902.221708,
  "created": 1759703302.221718
}