{
  "data": {
    "data": "value-274"
  },
  "expires": 1759706902.066209,
  "created": 1759703302.066217
}