{
  "data": {
    "data": "value-79"
  },
  "expires": 1759706902.0158799,
  "created": 1759703302.015888
}