{
  "data": {
    "data": "value-1696"
  },
  "expires": 1759706902.428695,
  "created": 1759703302.428704
}