{
  "data": {
    "data": "value-1272"
  },
  "expires": 1759706902.320117,
  "created": 1759703302.3201249
}