{
  "data": {
    "data": "value-1780"
  },
  "expires": 1759706902.4501839,
  "created": 1759703302.450192
}