{
  "data": {
    "data": "value-1786"
  },
  "expires": 1759706902.451653,
  "created": 1759703302.451661
}