{
  "data": {
    "data": "value-432"
  },
  "expires": 1759706902.107027,
  "created": 1759703302.107035
}