{
  "data": {
    "data": "value-1776"
  },
  "expires": 1759706902.449194,
  "created": 1759703302.4492018
}