{
  "data": {
    "data": "value-761"
  },
  "expires": 1759706902.191115,
  "created": 1759703302.191123
}