{
  "data": {
    "data": "value-681"
  },
  "expires": 1759706902.170604,
  "created": 1759703302.170613
}