{
  "data": {
    "data": "value-431"
  },
  "expires": 1759706902.106782,
  "created": 1759703302.1067898
}