{
  "data": {
    "data": "value-1009"
  },
  "expires": 1759706902.253999,
  "created": 1759703302.254007
}