{
  "data": {
    "data": "value-595"
  },
  "expires": 1759706902.148923,
  "created": 1759703302.148931
}