{
  "data": {
    "data": "value-1080"
  },
  "expires": 1759706902.271877,
  "created": 1759703302.2718852
}