{
  "data": {
    "data": "value-1675"
  },
  "expires": 1759706902.422996,
  "created": 1759703302.423004
}