{
  "data": {
    "data": "value-779"
  },
  "expires": 1759706902.196039,
  "created": 1759703302.196047
}