{
  "data": {
    "data": "value-440"
  },
  "expires": 1759706902.1091058,
  "created": 1759703302.1091142
}