{
  "data": {
    "data": "value-1279"
  },
  "expires": 1759706902.3219619,
  "created": 1759703302.321971
}