{
  "data": {
    "data": "value-1631"
  },
  "expires": 1759706902.4118772,
  "created": 1759703302.411885
}