{
  "data": {
    "data": "value-1525"
  },
  "expires": 1759706902.3845172,
  "created": 1759703302.384525
}