{
  "data": {
    "data": "value-38"
  },
  "expires": 1759706902.004877,
  "created": 1759703302.004886
}