{
  "data": {
    "data": "value-1364"
  },
  "expires": 1759706902.3441322,
  "created": 1759703302.344141
}