{
  "data": {
    "data": "value-262"
  },
  "expires": 1759706902.063187,
  "created": 1759703302.063195
}