{
  "data": {
    "data": "value-1061"
  },
  "expires": 1759706902.267369,
  "created": 1759703302.267377
}