{
  "data": {
    "data": "value-434"
  },
  "expires": 1759706902.107517,
  "created": 1759703302.107525
}