{
  "data": {
    "data": "value-1597"
  },
  "expires": 1759706902.402884,
  "created": 1759703302.402893
}