{
  "data": {
    "data": "value-1114"
  },
  "expires": 1759706902.2807171,
  "created": 1759703302.280726
}