{
  "data": {
    "data": "value-978"
  },
  "expires": 1759706902.246658,
  "created": 1759703302.246667
}