{
  "data": {
    "data": "value-289"
  },
  "expires": 1759706902.069696,
  "created": 1759703302.0697038
}