{
  "data": {
    "data": "value-1603"
  },
  "expires": 1759706902.404384,
  "created": 1759703302.404392
}