{
  "data": {
    "data": "value-1467"
  },
  "expires": 1759706902.369905,
  "created": 1759703302.369913
}