{
  "data": {
    "data": "value-790"
  },
  "expires": 1759706902.1988428,
  "created": 1759703302.198852
}