{
  "data": {
    "data": "value-281"
  },
  "expires": 1759706902.0678542,
  "created": 1759703302.067863
}