{
  "data": {
    "data": "value-1903"
  },
  "expires": 1759706902.4862258,
  "created": 1759703302.4862342
}