{
  "data": {
    "data": "value-1489"
  },
  "expires": 1759706902.375252,
  "created": 1759703302.3752599
}