{
  "data": {
    "data": "value-1078"
  },
  "expires": 1759706902.271418,
  "created": 1759703302.271426
}