{
  "data": {
    "data": "value-109"
  },
  "expires": 1759706902.023108,
  "created": 1759703302.023116
}