{
  "data": {
    "data": "value-1803"
  },
  "expires": 1759706902.455883,
  "created": 1759703302.455891
}