{
  "data": {
    "data": "value-120"
  },
  "expires": 1759706902.0256581,
  "created": 1759703302.025666
}