{
  "data": {
    "data": "value-1050"
  },
  "expires": 1759706902.264807,
  "created": 1759703302.264816
}