{
  "data": {
    "data": "value-192"
  },
  "expires": 1759706902.045561,
  "created": 1759703302.045569
}