{
  "data": {
    "data": "value-782"
  },
  "expires": 1759706902.196865,
  "created": 1759703302.196874
}