{
  "data": {
    "data": "value-1551"
  },
  "expires": 1759706902.391197,
  "created": 1759703302.3912058
}