{
  "data": {
    "data": "value-1500"
  },
  "expires": 1759706902.378401,
  "created": 1759703302.378454
}