{
  "data": {
    "data": "value-1075"
  },
  "expires": 1759706902.270726,
  "created": 1759703302.270734
}