{
  "data": {
    "data": "value-438"
  },
  "expires": 1759706902.108586,
  "created": 1759703302.108594
}