{
  "data": {
    "data": "value-581"
  },
  "expires": 1759706902.1456509,
  "created": 1759703302.145659
}