{
  "data": {
    "data": "value-1617"
  },
  "expires": 1759706902.4080482,
  "created": 1759703302.408057
}