{
  "data": {
    "data": "value-139"
  },
  "expires": 1759706902.031513,
  "created": 1759703302.0315242
}