{
  "data": {
    "data": "value-894"
  },
  "expires": 1759706902.2251148,
  "created": 1759703302.2251232
}