{
  "data": {
    "data": "value-1857"
  },
  "expires": 1759706902.474313,
  "created": 1759703302.474321
}