{
  "data": {
    "data": "value-1911"
  },
  "expires": 1759706902.488197,
  "created": 1759703302.488207
}