{
  "data": {
    "data": "value-1149"
  },
  "expires": 1759706902.2897532,
  "created": 1759703302.289761
}