{
  "data": {
    "data": "value-1213"
  },
  "expires": 1759706902.305503,
  "created": 1759703302.305511
}