{
  "data": {
    "data": "value-945"
  },
  "expires": 1759706902.237782,
  "created": 1759703302.2377899
}