{
  "data": {
    "data": "value-97"
  },
  "expires": 1759706902.020121,
  "created": 1759703302.020129
}