{
  "data": {
    "data": "value-911"
  },
  "expires": 1759706902.2295601,
  "created": 1759703302.229569
}