{
  "data": {
    "data": "value-506"
  },
  "expires": 1759706902.126262,
  "created": 1759703302.12627
}