{
  "data": {
    "data": "value-137"
  },
  "expires": 1759706902.0309901,
  "created": 1759703302.030999
}