{
  "data": {
    "data": "value-524"
  },
  "expires": 1759706902.130999,
  "created": 1759703302.131008
}