{
  "data": {
    "data": "value-885"
  },
  "expires": 1759706902.222911,
  "created": 1759703302.222919
}