{
  "data": {
    "data": "value-593"
  },
  "expires": 1759706902.1484659,
  "created": 1759703302.1484742
}