{
  "data": {
    "data": "value-1439"
  },
  "expires": 1759706902.3633258,
  "created": 1759703302.363334
}