{
  "data": {
    "data": "value-1312"
  },
  "expires": 1759706902.3307872,
  "created": 1759703302.330796
}