{
  "data": {
    "data": "value-74"
  },
  "expires": 1759706902.014722,
  "created": 1759703302.014731
}