{
  "data": {
    "data": "value-601"
  },
  "expires": 1759706902.150406,
  "created": 1759703302.1504152
}