{
  "data": {
    "data": "value-859"
  },
  "expires": 1759706902.2163782,
  "created": 1759703302.216387
}