{
  "data": {
    "data": "value-28"
  },
  "expires": 1759706902.0024278,
  "created": 1759703302.0024362
}