{
  "data": {
    "data": "value-1605"
  },
  "expires": 1759706902.404908,
  "created": 1759703302.404918
}