{
  "data": {
    "data": "value-361"
  },
  "expires": 1759706902.0887349,
  "created": 1759703302.088744
}