{
  "data": {
    "data": "value-134"
  },
  "expires": 1759706902.030199,
  "created": 1759703302.030208
}