{
  "data": {
    "data": "value-927"
  },
  "expires": 1759706902.233519,
  "created": 1759703302.2335281
}