{
  "data": {
    "data": "value-1793"
  },
  "expires": 1759706902.4533849,
  "created": 1759703302.453393
}