{
  "data": {
    "data": "value-1635"
  },
  "expires": 1759706902.412833,
  "created": 1759703302.4128408
}