{
  "data": {
    "data": "value-111"
  },
  "expires": 1759706902.0235782,
  "created": 1759703302.023586
}