{
  "data": {
    "data": "value-14"
  },
  "expires": 1759706901.998946,
  "created": 1759703301.998954
}