{
  "data": {
    "data": "value-437"
  },
  "expires": 1759706902.1083431,
  "created": 1759703302.108352
}