{
  "data": {
    "data": "value-1266"
  },
  "expires": 1759706902.31875,
  "created": 1759703302.3187578
}