{
  "data": {
    "data": "value-1613"
  },
  "expires": 1759706902.406964,
  "created": 1759703302.406972
}