{
  "data": {
    "data": "value-1528"
  },
  "expires": 1759706902.385212,
  "created": 1759703302.38522
}