{
  "data": {
    "data": "value-1684"
  },
  "expires": 1759706902.425108,
  "created": 1759703302.4251158
}