{
  "data": {
    "data": "value-1242"
  },
  "expires": 1759706902.3131268,
  "created": 1759703302.313136
}