{
  "data": {
    "data": "value-1037"
  },
  "expires": 1759706902.2616441,
  "created": 1759703302.261652
}