{
  "data": {
    "data": "value-1758"
  },
  "expires": 1759706902.444824,
  "created": 1759703302.444833
}