{
  "data": {
    "data": "value-1897"
  },
  "expires": 1759706902.4847941,
  "created": 1759703302.484802
}