{
  "data": {
    "data": "value-1216"
  },
  "expires": 1759706902.3062139,
  "created": 1759703302.306222
}