{
  "data": {
    "data": "value-47"
  },
  "expires": 1759706902.007073,
  "created": 1759703302.007081
}