{
  "data": {
    "data": "value-1644"
  },
  "expires": 1759706902.415052,
  "created": 1759703302.415061
}