{
  "data": {
    "data": "value-895"
  },
  "expires": 1759706902.22535,
  "created": 1759703302.225358
}