{
  "data": {
    "data": "value-1900"
  },
  "expires": 1759706902.4854841,
  "created": 1759703302.485534
}