{
  "data": {
    "data": "value-1144"
  },
  "expires": 1759706902.2884538,
  "created": 1759703302.2884622
}