{
  "data": {
    "data": "value-686"
  },
  "expires": 1759706902.171975,
  "created": 1759703302.171984
}