{
  "data": {
    "data": "value-394"
  },
  "expires": 1759706902.097611,
  "created": 1759703302.09762
}