{
  "data": {
    "data": "value-1091"
  },
  "expires": 1759706902.274443,
  "created": 1759703302.274452
}