{
  "data": {
    "data": "value-232"
  },
  "expires": 1759706902.055389,
  "created": 1759703302.055397
}