{
  "data": {
    "data": "value-555"
  },
  "expires": 1759706902.138759,
  "created": 1759703302.138767
}