{
  "data": {
    "data": "value-269"
  },
  "expires": 1759706902.065034,
  "created": 1759703302.065042
}