{
  "data": {
    "data": "value-1019"
  },
  "expires": 1759706902.2565818,
  "created": 1759703302.2565901
}