{
  "data": {
    "data": "value-306"
  },
  "expires": 1759706902.074142,
  "created": 1759703302.0741508
}