{
  "data": {
    "data": "value-1444"
  },
  "expires": 1759706902.364501,
  "created": 1759703302.3645089
}