{
  "data": {
    "data": "value-263"
  },
  "expires": 1759706902.0634189,
  "created": 1759703302.063427
}