{
  "data": {
    "data": "value-1761"
  },
  "expires": 1759706902.4455428,
  "created": 1759703302.4455512
}