{
  "data": {
    "data": "value-1158"
  },
  "expires": 1759706902.291924,
  "created": 1759703302.2919319
}