{
  "data": {
    "data": "value-258"
  },
  "expires": 1759706902.0622458,
  "created": 1759703302.0622542
}