{
  "data": {
    "data": "value-371"
  },
  "expires": 1759706902.091371,
  "created": 1759703302.091379
}