{
  "data": {
    "data": "value-353"
  },
  "expires": 1759706902.0867672,
  "created": 1759703302.086776
}