{
  "data": {
    "data": "value-126"
  },
  "expires": 1759706902.02789,
  "created": 1759703302.027919
}