{
  "data": {
    "data": "value-76"
  },
  "expires": 1759706902.015193,
  "created": 1759703302.015201
}