{
  "data": {
    "data": "value-133"
  },
  "expires": 1759706902.029887,
  "created": 1759703302.029896
}