{
  "data": {
    "data": "value-407"
  },
  "expires": 1759706902.100627,
  "created": 1759703302.100636
}