{
  "data": {
    "data": "value-1499"
  },
  "expires": 1759706902.378159,
  "created": 1759703302.3781672
}