{
  "data": {
    "data": "value-1195"
  },
  "expires": 1759706902.301159,
  "created": 1759703302.301167
}