{
  "data": {
    "data": "value-159"
  },
  "expires": 1759706902.036528,
  "created": 1759703302.0365372
}