{
  "data": {
    "data": "value-1274"
  },
  "expires": 1759706902.320577,
  "created": 1759703302.320585
}