{
  "data": {
    "data": "value-1999"
  },
  "expires": 1759706902.511363,
  "created": 1759703302.511372
}