{
  "data": {
    "data": "value-1550"
  },
  "expires": 1759706902.3909602,
  "created": 1759703302.390968
}