{
  "data": {
    "data": "value-986"
  },
  "expires": 1759706902.248517,
  "created": 1759703302.2485251
}