{
  "data": {
    "data": "value-374"
  },
  "expires": 1759706902.092107,
  "created": 1759703302.092115
}