{
  "data": {
    "data": "value-1016"
  },
  "expires": 1759706902.2557702,
  "created": 1759703302.255778
}