{
  "data": {
    "data": "value-899"
  },
  "expires": 1759706902.2262988,
  "created": 1759703302.226335
}