{
  "data": {
    "data": "value-1918"
  },
  "expires": 1759706902.489881,
  "created": 1759703302.489889
}