{
  "data": {
    "data": "value-878"
  },
  "expires": 1759706902.2211258,
  "created": 1759703302.2211342
}