{
  "data": {
    "data": "value-1069"
  },
  "expires": 1759706902.269305,
  "created": 1759703302.269314
}