{
  "data": {
    "data": "value-1173"
  },
  "expires": 1759706902.295886,
  "created": 1759703302.295895
}