{
  "data": {
    "data": "value-190"
  },
  "expires": 1759706902.0450912,
  "created": 1759703302.045099
}