{
  "data": {
    "data": "value-1641"
  },
  "expires": 1759706902.414353,
  "created": 1759703302.414361
}