{
  "data": {
    "data": "value-1413"
  },
  "expires": 1759706902.356143,
  "created": 1759703302.356151
}