{
  "data": {
    "data": "value-972"
  },
  "expires": 1759706902.2452679,
  "created": 1759703302.245277
}