{
  "data": {
    "data": "value-30"
  },
  "expires": 1759706902.0029151,
  "created": 1759703302.002923
}