{
  "data": {
    "data": "value-897"
  },
  "expires": 1759706902.225811,
  "created": 1759703302.2258189
}