{
  "data": {
    "data": "value-758"
  },
  "expires": 1759706902.190409,
  "created": 1759703302.1904168
}