{
  "data": {
    "data": "value-1777"
  },
  "expires": 1759706902.449476,
  "created": 1759703302.449484
}