{
  "data": {
    "data": "value-1676"
  },
  "expires": 1759706902.423234,
  "created": 1759703302.423242
}