{
  "data": {
    "data": "value-1096"
  },
  "expires": 1759706902.275698,
  "created": 1759703302.2757068
}