{
  "data": {
    "data": "value-904"
  },
  "expires": 1759706902.2278872,
  "created": 1759703302.227895
}