{
  "data": {
    "data": "value-251"
  },
  "expires": 1759706902.060313,
  "created": 1759703302.060342
}