{
  "data": {
    "data": "value-402"
  },
  "expires": 1759706902.099485,
  "created": 1759703302.099494
}