{
  "data": {
    "data": "value-1131"
  },
  "expires": 1759706902.285224,
  "created": 1759703302.2852328
}