{
  "data": {
    "data": "value-1441"
  },
  "expires": 1759706902.3638048,
  "created": 1759703302.3638139
}