{
  "data": {
    "data": "value-1387"
  },
  "expires": 1759706902.349938,
  "created": 1759703302.349946
}