{
  "data": {
    "data": "value-1267"
  },
  "expires": 1759706902.3189719,
  "created": 1759703302.31898
}