{
  "data": {
    "data": "value-891"
  },
  "expires": 1759706902.224307,
  "created": 1759703302.224315
}