{
  "data": {
    "data": "value-1948"
  },
  "expires": 1759706902.498388,
  "created": 1759703302.4983969
}