{
  "data": {
    "data": "value-1302"
  },
  "expires": 1759706902.328235,
  "created": 1759703302.328244
}