{
  "data": {
    "data": "value-1366"
  },
  "expires": 1759706902.344801,
  "created": 1759703302.344809
}