{
  "data": {
    "data": "value-697"
  },
  "expires": 1759706902.1746938,
  "created": 1759703302.1747031
}