{
  "data": {
    "data": "value-1174"
  },
  "expires": 1759706902.2961202,
  "created": 1759703302.296129
}