{
  "data": {
    "data": "value-293"
  },
  "expires": 1759706902.07072,
  "created": 1759703302.0707278
}