{
  "data": {
    "data": "value-1430"
  },
  "expires": 1759706902.3606641,
  "created": 1759703302.3606741
}