{
  "data": {
    "data": "value-743"
  },
  "expires": 1759706902.18673,
  "created": 1759703302.186738
}