{
  "data": {
    "data": "value-1518"
  },
  "expires": 1759706902.3828979,
  "created": 1759703302.3829062
}