{
  "data": {
    "data": "value-302"
  },
  "expires": 1759706902.0729501,
  "created": 1759703302.072958
}