{
  "data": {
    "data": "value-1188"
  },
  "expires": 1759706902.2994199,
  "created": 1759703302.299428
}