{
  "data": {
    "data": "value-380"
  },
  "expires": 1759706902.094112,
  "created": 1759703302.094121
}