{
  "data": {
    "data": "value-1345"
  },
  "expires": 1759706902.338634,
  "created": 1759703302.3386428
}