{
  "data": {
    "data": "value-427"
  },
  "expires": 1759706902.105803,
  "created": 1759703302.105812
}