{
  "data": {
    "data": "value-936"
  },
  "expires": 1759706902.23559,
  "created": 1759703302.235599
}