{
  "data": {
    "data": "value-1391"
  },
  "expires": 1759706902.350849,
  "created": 1759703302.3508558
}