{
  "data": {
    "data": "value-164"
  },
  "expires": 1759706902.037733,
  "created": 1759703302.037754
}