{
  "data": {
    "data": "value-424"
  },
  "expires": 1759706902.104962,
  "created": 1759703302.1049721
}