{
  "data": {
    "data": "value-364"
  },
  "expires": 1759706902.0896451,
  "created": 1759703302.089654
}