{
  "data": {
    "data": "value-1494"
  },
  "expires": 1759706902.376559,
  "created": 1759703302.376568
}