{
  "data": {
    "data": "value-1760"
  },
  "expires": 1759706902.445298,
  "created": 1759703302.4453068
}