{
  "data": {
    "data": "value-1071"
  },
  "expires": 1759706902.2697861,
  "created": 1759703302.269794
}