{
  "data": {
    "data": "value-1214"
  },
  "expires": 1759706902.3057349,
  "created": 1759703302.3057432
}