{
  "data": {
    "data": "value-1028"
  },
  "expires": 1759706902.258734,
  "created": 1759703302.258743
}