{
  "data": {
    "data": "value-1967"
  },
  "expires": 1759706902.5027452,
  "created": 1759703302.502752
}