{
  "data": {
    "data": "value-1201"
  },
  "expires": 1759706902.302698,
  "created": 1759703302.302706
}