{
  "data": {
    "data": "value-1881"
  },
  "expires": 1759706902.480895,
  "created": 1759703302.480903
}