{
  "data": {
    "data": "value-450"
  },
  "expires": 1759706902.1123579,
  "created": 1759703302.1123672
}