{
  "data": {
    "data": "value-1630"
  },
  "expires": 1759706902.4116411,
  "created": 1759703302.41165
}