{
  "data": {
    "data": "value-1446"
  },
  "expires": 1759706902.364956,
  "created": 1759703302.364964
}