{
  "data": {
    "data": "value-621"
  },
  "expires": 1759706902.155197,
  "created": 1759703302.155205
}