{
  "data": {
    "data": "value-265"
  },
  "expires": 1759706902.06396,
  "created": 1759703302.0639691
}