{
  "data": {
    "data": "value-1980"
  },
  "expires": 1759706902.50597,
  "created": 1759703302.5059788
}