{
  "data": {
    "data": "value-1898"
  },
  "expires": 1759706902.485024,
  "created": 1759703302.4850318
}