{
  "data": {
    "data": "value-99"
  },
  "expires": 1759706902.020736,
  "created": 1759703302.020745
}