{
  "data": {
    "data": "value-618"
  },
  "expires": 1759706902.154434,
  "created": 1759703302.154442
}