{
  "data": {
    "data": "value-1184"
  },
  "expires": 1759706902.298473,
  "created": 1759703302.298481
}