{
  "data": {
    "data": "value-1849"
  },
  "expires": 1759706902.47247,
  "created": 1759703302.472478
}