{
  "data": {
    "data": "value-766"
  },
  "expires": 1759706902.192297,
  "created": 1759703302.1923048
}