{
  "data": {
    "data": "value-106"
  },
  "expires": 1759706902.0224268,
  "created": 1759703302.0224352
}