{
  "data": {
    "data": "value-1491"
  },
  "expires": 1759706902.3757372,
  "created": 1759703302.375745
}