{
  "data": {
    "data": "value-283"
  },
  "expires": 1759706902.0683122,
  "created": 1759703302.06832
}