{
  "data": {
    "data": "value-1208"
  },
  "expires": 1759706902.304341,
  "created": 1759703302.304349
}