{
  "data": {
    "data": "value-10"
  },
  "expires": 1759706901.997973,
  "created": 1759703301.997983
}