{
  "data": {
    "data": "value-1832"
  },
  "expires": 1759706902.468454,
  "created": 1759703302.468462
}