{
  "data": {
    "data": "value-443"
  },
  "expires": 1759706902.110394,
  "created": 1759703302.110404
}