{
  "data": {
    "data": "value-808"
  },
  "expires": 1759706902.203249,
  "created": 1759703302.203257
}