{
  "data": {
    "data": "value-656"
  },
  "expires": 1759706902.1643698,
  "created": 1759703302.164379
}