{
  "data": {
    "data": "value-1736"
  },
  "expires": 1759706902.438703,
  "created": 1759703302.438713
}