{
  "data": {
    "data": "value-1755"
  },
  "expires": 1759706902.444007,
  "created": 1759703302.444017
}