{
  "data": {
    "data": "value-1852"
  },
  "expires": 1759706902.473154,
  "created": 1759703302.473161
}