{
  "data": {
    "data": "value-212"
  },
  "expires": 1759706902.050658,
  "created": 1759703302.050666
}