{
  "data": {
    "data": "value-1988"
  },
  "expires": 1759706902.5081239,
  "created": 1759703302.5081332
}