{
  "data": {
    "data": "value-1139"
  },
  "expires": 1759706902.287199,
  "created": 1759703302.287207
}