{
  "data": {
    "data": "value-1724"
  },
  "expires": 1759706902.435781,
  "created": 1759703302.435789
}