{
  "data": {
    "data": "value-834"
  },
  "expires": 1759706902.209876,
  "created": 1759703302.209887
}