{
  "data": {
    "data": "value-1553"
  },
  "expires": 1759706902.3916721,
  "created": 1759703302.39168
}