{
  "data": {
    "data": "value-370"
  },
  "expires": 1759706902.091111,
  "created": 1759703302.091119
}