{
  "data": {
    "data": "value-1263"
  },
  "expires": 1759706902.318073,
  "created": 1759703302.3180811
}