{
  "data": {
    "data": "value-1319"
  },
  "expires": 1759706902.3324318,
  "created": 1759703302.3324401
}