{
  "data": {
    "data": "value-1540"
  },
  "expires": 1759706902.388236,
  "created": 1759703302.388245
}