{
  "data": {
    "data": "value-626"
  },
  "expires": 1759706902.156369,
  "created": 1759703302.156378
}