{
  "data": {
    "data": "value-559"
  },
  "expires": 1759706902.139793,
  "created": 1759703302.139801
}