{
  "data": {
    "data": "value-809"
  },
  "expires": 1759706902.203486,
  "created": 1759703302.2034938
}