{
  "data": {
    "data": "value-1586"
  },
  "expires": 1759706902.400219,
  "created": 1759703302.400227
}