{
  "data": {
    "data": "value-275"
  },
  "expires": 1759706902.066447,
  "created": 1759703302.066456
}