{
  "data": {
    "data": "value-1349"
  },
  "expires": 1759706902.339605,
  "created": 1759703302.339613
}