{
  "data": {
    "data": "value-783"
  },
  "expires": 1759706902.1971142,
  "created": 1759703302.197123
}