{
  "data": {
    "data": "value-1300"
  },
  "expires": 1759706902.327561,
  "created": 1759703302.3276212
}