{
  "data": {
    "data": "value-537"
  },
  "expires": 1759706902.134294,
  "created": 1759703302.134303
}