{
  "data": {
    "data": "value-1839"
  },
  "expires": 1759706902.470061,
  "created": 1759703302.470069
}