{
  "data": {
    "data": "value-716"
  },
  "expires": 1759706902.1802208,
  "created": 1759703302.1802292
}