{
  "data": {
    "data": "value-72"
  },
  "expires": 1759706902.014129,
  "created": 1759703302.014137
}