{
  "data": {
    "data": "value-816"
  },
  "expires": 1759706902.205266,
  "created": 1759703302.2052748
}