{
  "data": {
    "data": "value-1514"
  },
  "expires": 1759706902.3819578,
  "created": 1759703302.381966
}