{
  "data": {
    "data": "value-888"
  },
  "expires": 1759706902.2236018,
  "created": 1759703302.2236102
}