{
  "data": {
    "data": "value-1412"
  },
  "expires": 1759706902.3559098,
  "created": 1759703302.3559191
}