{
  "data": {
    "data": "value-1407"
  },
  "expires": 1759706902.354648,
  "created": 1759703302.354656
}