{
  "data": {
    "data": "value-1990"
  },
  "expires": 1759706902.50861,
  "created": 1759703302.508619
}