{
  "data": {
    "data": "value-1244"
  },
  "expires": 1759706902.3136032,
  "created": 1759703302.313611
}