{
  "data": {
    "data": "value-947"
  },
  "expires": 1759706902.238243,
  "created": 1759703302.238251
}