{
  "data": {
    "data": "value-451"
  },
  "expires": 1759706902.1125991,
  "created": 1759703302.112608
}