{
  "data": {
    "data": "value-1573"
  },
  "expires": 1759706902.397058,
  "created": 1759703302.397065
}