{
  "data": {
    "data": "value-271"
  },
  "expires": 1759706902.065503,
  "created": 1759703302.065511
}