{
  "data": {
    "data": "value-996"
  },
  "expires": 1759706902.2509172,
  "created": 1759703302.250926
}