{
  "data": {
    "data": "value-1262"
  },
  "expires": 1759706902.3178399,
  "created": 1759703302.317848
}