{
  "data": {
    "data": "value-1870"
  },
  "expires": 1759706902.478061,
  "created": 1759703302.47807
}