{
  "data": {
    "data": "value-1691"
  },
  "expires": 1759706902.427379,
  "created": 1759703302.427389
}