{
  "data": {
    "data": "value-1589"
  },
  "expires": 1759706902.400905,
  "created": 1759703302.4009118
}