{
  "data": {
    "data": "value-540"
  },
  "expires": 1759706902.1351428,
  "created": 1759703302.135152
}