{
  "data": {
    "data": "value-1483"
  },
  "expires": 1759706902.373802,
  "created": 1759703302.3738098
}