{
  "data": {
    "data": "value-88"
  },
  "expires": 1759706902.018027,
  "created": 1759703302.018036
}