{
  "data": {
    "data": "value-1543"
  },
  "expires": 1759706902.389148,
  "created": 1759703302.389163
}