{
  "data": {
    "data": "value-341"
  },
  "expires": 1759706902.08397,
  "created": 1759703302.083998
}