{
  "data": {
    "data": "value-282"
  },
  "expires": 1759706902.0680819,
  "created": 1759703302.0680902
}