{
  "data": {
    "data": "value-1375"
  },
  "expires": 1759706902.347061,
  "created": 1759703302.34707
}