{
  "data": {
    "data": "value-919"
  },
  "expires": 1759706902.231683,
  "created": 1759703302.231692
}