{
  "data": {
    "data": "value-243"
  },
  "expires": 1759706902.058042,
  "created": 1759703302.0580502
}