{
  "data": {
    "data": "value-1555"
  },
  "expires": 1759706902.3921652,
  "created": 1759703302.392173
}