{
  "data": {
    "data": "value-184"
  },
  "expires": 1759706902.043333,
  "created": 1759703302.043343
}