{
  "data": {
    "data": "value-150"
  },
  "expires": 1759706902.0343502,
  "created": 1759703302.034359
}