{
  "data": {
    "data": "value-1690"
  },
  "expires": 1759706902.427042,
  "created": 1759703302.427051
}