{
  "data": {
    "data": "value-965"
  },
  "expires": 1759706902.243484,
  "created": 1759703302.243493
}