{
  "data": {
    "data": "value-630"
  },
  "expires": 1759706902.157381,
  "created": 1759703302.15739
}