{
  "data": {
    "data": "value-68"
  },
  "expires": 1759706902.013175,
  "created": 1759703302.0131829
}