{
  "data": {
    "data": "value-372"
  },
  "expires": 1759706902.0916228,
  "created": 1759703302.0916312
}