{
  "data": {
    "data": "value-507"
  },
  "expires": 1759706902.12649,
  "created": 1759703302.126498
}