{
  "data": {
    "data": "value-1618"
  },
  "expires": 1759706902.4083142,
  "created": 1759703302.408322
}