{
  "data": {
    "data": "value-1503"
  },
  "expires": 1759706902.37918,
  "created": 1759703302.379188
}