{
  "data": {
    "data": "value-62"
  },
  "expires": 1759706902.0115159,
  "created": 1759703302.0115242
}