{
  "data": {
    "data": "value-1969"
  },
  "expires": 1759706902.5032032,
  "created": 1759703302.503211
}