{
  "data": {
    "data": "value-115"
  },
  "expires": 1759706902.024501,
  "created": 1759703302.024509
}