{
  "data": {
    "data": "value-1380"
  },
  "expires": 1759706902.3483362,
  "created": 1759703302.348344
}