{
  "data": {
    "data": "value-1318"
  },
  "expires": 1759706902.332201,
  "created": 1759703302.3322089
}