{
  "data": {
    "data": "value-648"
  },
  "expires": 1759706902.162234,
  "created": 1759703302.1622431
}