{
  "data": {
    "data": "value-1127"
  },
  "expires": 1759706902.284159,
  "created": 1759703302.2841668
}