{
  "data": {
    "data": "value-787"
  },
  "expires": 1759706902.198112,
  "created": 1759703302.198121
}