{
  "data": {
    "data": "value-1955"
  },
  "expires": 1759706902.500007,
  "created": 1759703302.500015
}