{
  "data": {
    "data": "value-843"
  },
  "expires": 1759706902.212451,
  "created": 1759703302.212459
}