{
  "data": {
    "data": "value-976"
  },
  "expires": 1759706902.246181,
  "created": 1759703302.246189
}