{
  "data": {
    "data": "value-1140"
  },
  "expires": 1759706902.2874439,
  "created": 1759703302.287453
}