{
  "data": {
    "data": "value-1733"
  },
  "expires": 1759706902.4378839,
  "created": 1759703302.4378922
}