{
  "data": {
    "data": "value-1546"
  },
  "expires": 1759706902.389995,
  "created": 1759703302.390004
}