{
  "data": {
    "data": "value-311"
  },
  "expires": 1759706902.075459,
  "created": 1759703302.075469
}