{
  "data": {
    "data": "value-1160"
  },
  "expires": 1759706902.2924008,
  "created": 1759703302.2924101
}