{
  "data": {
    "data": "value-1598"
  },
  "expires": 1759706902.4031491,
  "created": 1759703302.403158
}