{
  "data": {
    "data": "value-1919"
  },
  "expires": 1759706902.490117,
  "created": 1759703302.490125
}