{
  "data": {
    "data": "value-1224"
  },
  "expires": 1759706902.3081899,
  "created": 1759703302.308199
}