{
  "data": {
    "data": "value-108"
  },
  "expires": 1759706902.02288,
  "created": 1759703302.022888
}