{
  "data": {
    "data": "value-1824"
  },
  "expires": 1759706902.4665759,
  "created": 1759703302.466584
}