{
  "data": {
    "data": "value-1706"
  },
  "expires": 1759706902.43111,
  "created": 1759703302.431118
}