{
  "data": {
    "data": "value-358"
  },
  "expires": 1759706902.0879202,
  "created": 1759703302.087928
}