{
  "data": {
    "data": "value-1904"
  },
  "expires": 1759706902.486458,
  "created": 1759703302.486466
}