{
  "data": {
    "data": "value-587"
  },
  "expires": 1759706902.1470451,
  "created": 1759703302.147053
}