{
  "data": {
    "data": "value-1747"
  },
  "expires": 1759706902.441567,
  "created": 1759703302.441576
}