{
  "data": {
    "data": "value-35"
  },
  "expires": 1759706902.004129,
  "created": 1759703302.004137
}