{
  "data": {
    "data": "value-864"
  },
  "expires": 1759706902.217515,
  "created": 1759703302.2175229
}