{
  "data": {
    "data": "value-439"
  },
  "expires": 1759706902.108871,
  "created": 1759703302.108879
}