{
  "data": {
    "data": "value-1762"
  },
  "expires": 1759706902.445795,
  "created": 1759703302.445804
}