{
  "data": {
    "data": "value-953"
  },
  "expires": 1759706902.2398562,
  "created": 1759703302.239865
}