{
  "data": {
    "data": "value-1289"
  },
  "expires": 1759706902.3243048,
  "created": 1759703302.3243132
}