{
  "data": {
    "data": "value-1860"
  },
  "expires": 1759706902.475011,
  "created": 1759703302.475023
}