{
  "data": {
    "data": "value-1688"
  },
  "expires": 1759706902.42623,
  "created": 1759703302.426242
}