{
  "data": {
    "data": "value-101"
  },
  "expires": 1759706902.021205,
  "created": 1759703302.0212128
}