{
  "data": {
    "data": "value-1336"
  },
  "expires": 1759706902.336469,
  "created": 1759703302.336477
}