{
  "data": {
    "data": "value-398"
  },
  "expires": 1759706902.098561,
  "created": 1759703302.098569
}