{
  "data": {
    "data": "value-1117"
  },
  "expires": 1759706902.281455,
  "created": 1759703302.281464
}