{
  "data": {
    "data": "value-51"
  },
  "expires": 1759706902.008273,
  "created": 1759703302.008281
}