{
  "data": {
    "data": "value-338"
  },
  "expires": 1759706902.0831842,
  "created": 1759703302.083192
}