{
  "data": {
    "data": "value-1565"
  },
  "expires": 1759706902.395165,
  "created": 1759703302.395173
}