{
  "data": {
    "data": "value-1970"
  },
  "expires": 1759706902.50344,
  "created": 1759703302.503448
}