{
  "data": {
    "data": "value-1886"
  },
  "expires": 1759706902.482062,
  "created": 1759703302.48207
}