{
  "data": {
    "data": "value-386"
  },
  "expires": 1759706902.095577,
  "created": 1759703302.095586
}