{
  "data": {
    "data": "value-733"
  },
  "expires": 1759706902.184408,
  "created": 1759703302.184416
}