{
  "data": {
    "data": "value-1409"
  },
  "expires": 1759706902.3551779,
  "created": 1759703302.355187
}