{
  "data": {
    "data": "value-863"
  },
  "expires": 1759706902.217288,
  "created": 1759703302.217296
}