{
  "data": {
    "data": "value-1331"
  },
  "expires": 1759706902.335299,
  "created": 1759703302.335306
}