{
  "data": {
    "data": "value-542"
  },
  "expires": 1759706902.135637,
  "created": 1759703302.135645
}