{
  "data": {
    "data": "value-1411"
  },
  "expires": 1759706902.355663,
  "created": 1759703302.3556721
}