{
  "data": {
    "data": "value-369"
  },
  "expires": 1759706902.0908659,
  "created": 1759703302.0908742
}