{
  "data": {
    "data": "value-1695"
  },
  "expires": 1759706902.428431,
  "created": 1759703302.428441
}