{
  "data": {
    "data": "value-1741"
  },
  "expires": 1759706902.440029,
  "created": 1759703302.440037
}