{
  "data": {
    "data": "value-1952"
  },
  "expires": 1759706902.49932,
  "created": 1759703302.499328
}