{
  "data": {
    "data": "value-817"
  },
  "expires": 1759706902.205506,
  "created": 1759703302.205515
}