{
  "data": {
    "data": "value-472"
  },
  "expires": 1759706902.117857,
  "created": 1759703302.117866
}