{
  "data": {
    "data": "value-1165"
  },
  "expires": 1759706902.2939122,
  "created": 1759703302.29392
}