{
  "data": {
    "data": "value-224"
  },
  "expires": 1759706902.053525,
  "created": 1759703302.053532
}