{
  "data": {
    "data": "value-575"
  },
  "expires": 1759706902.143969,
  "created": 1759703302.1439779
}