{
  "data": {
    "data": "value-1575"
  },
  "expires": 1759706902.3975198,
  "created": 1759703302.3975282
}