{
  "data": {
    "data": "value-1928"
  },
  "expires": 1759706902.492286,
  "created": 1759703302.4922938
}