{
  "data": {
    "data": "value-741"
  },
  "expires": 1759706902.186272,
  "created": 1759703302.18628
}