{
  "data": {
    "data": "value-52"
  },
  "expires": 1759706902.008513,
  "created": 1759703302.0085208
}