{
  "data": {
    "data": "value-1468"
  },
  "expires": 1759706902.370128,
  "created": 1759703302.370136
}