{
  "data": {
    "data": "value-272"
  },
  "expires": 1759706902.0657432,
  "created": 1759703302.065751
}