{
  "data": {
    "data": "value-1105"
  },
  "expires": 1759706902.278465,
  "created": 1759703302.278474
}