{
  "data": {
    "data": "value-1374"
  },
  "expires": 1759706902.346729,
  "created": 1759703302.346739
}