{
  "data": {
    "data": "value-98"
  },
  "expires": 1759706902.0203688,
  "created": 1759703302.020376
}