{
  "data": {
    "data": "value-1704"
  },
  "expires": 1759706902.430645,
  "created": 1759703302.4306529
}