{
  "data": {
    "data": "value-233"
  },
  "expires": 1759706902.0556202,
  "created": 1759703302.055628
}