{
  "data": {
    "data": "value-619"
  },
  "expires": 1759706902.154666,
  "created": 1759703302.154675
}