{
  "data": {
    "data": "value-1509"
  },
  "expires": 1759706902.380797,
  "created": 1759703302.380805
}