{
  "data": {
    "data": "value-1932"
  },
  "expires": 1759706902.49377,
  "created": 1759703302.493782
}