{
  "data": {
    "data": "value-764"
  },
  "expires": 1759706902.191832,
  "created": 1759703302.19184
}