{
  "data": {
    "data": "value-1559"
  },
  "expires": 1759706902.393452,
  "created": 1759703302.393462
}