{
  "data": {
    "data": "value-1848"
  },
  "expires": 1759706902.4722428,
  "created": 1759703302.472251
}