{
  "data": {
    "data": "value-1005"
  },
  "expires": 1759706902.25306,
  "created": 1759703302.253068
}