{
  "data": {
    "data": "value-1883"
  },
  "expires": 1759706902.481363,
  "created": 1759703302.4813702
}