{
  "data": {
    "data": "value-529"
  },
  "expires": 1759706902.132223,
  "created": 1759703302.132231
}