{
  "data": {
    "data": "value-161"
  },
  "expires": 1759706902.037002,
  "created": 1759703302.03701
}