{
  "data": {
    "data": "value-963"
  },
  "expires": 1759706902.2425442,
  "created": 1759703302.242553
}