{
  "data": {
    "data": "value-1221"
  },
  "expires": 1759706902.307381,
  "created": 1759703302.307389
}