{
  "data": {
    "data": "value-1901"
  },
  "expires": 1759706902.4857621,
  "created": 1759703302.48577
}