{
  "data": {
    "data": "value-480"
  },
  "expires": 1759706902.1199229,
  "created": 1759703302.119932
}