{
  "data": {
    "data": "value-789"
  },
  "expires": 1759706902.1985989,
  "created": 1759703302.1986072
}