{
  "data": {
    "data": "value-640"
  },
  "expires": 1759706902.159916,
  "created": 1759703302.159926
}