{
  "data": {
    "data": "value-1199"
  },
  "expires": 1759706902.30218,
  "created": 1759703302.302188
}