{
  "data": {
    "data": "value-1940"
  },
  "expires": 1759706902.496072,
  "created": 1759703302.49608
}