{
  "data": {
    "data": "value-1655"
  },
  "expires": 1759706902.417726,
  "created": 1759703302.4177349
}