{
  "data": {
    "data": "value-1026"
  },
  "expires": 1759706902.258261,
  "created": 1759703302.2582688
}