{
  "data": {
    "data": "value-1344"
  },
  "expires": 1759706902.33839,
  "created": 1759703302.338399
}