{
  "data": {
    "data": "value-1108"
  },
  "expires": 1759706902.279223,
  "created": 1759703302.279232
}