{
  "data": {
    "data": "value-1285"
  },
  "expires": 1759706902.323381,
  "created": 1759703302.3233888
}