{
  "data": {
    "data": "value-1750"
  },
  "expires": 1759706902.442301,
  "created": 1759703302.4423091
}