{
  "data": {
    "data": "value-547"
  },
  "expires": 1759706902.1368341,
  "created": 1759703302.136843
}