{
  "data": {
    "data": "value-1470"
  },
  "expires": 1759706902.370576,
  "created": 1759703302.370584
}