{
  "data": {
    "data": "value-1453"
  },
  "expires": 1759706902.3665879,
  "created": 1759703302.366596
}