{
  "data": {
    "data": "value-1964"
  },
  "expires": 1759706902.502065,
  "created": 1759703302.502073
}