{
  "data": {
    "data": "value-284"
  },
  "expires": 1759706902.068546,
  "created": 1759703302.068554
}