{
  "data": {
    "data": "value-1399"
  },
  "expires": 1759706902.352674,
  "created": 1759703302.3526819
}