{
  "data": {
    "data": "value-136"
  },
  "expires": 1759706902.030715,
  "created": 1759703302.030724
}