{
  "data": {
    "data": "value-527"
  },
  "expires": 1759706902.131715,
  "created": 1759703302.131724
}