{
  "data": {
    "data": "value-343"
  },
  "expires": 1759706902.084455,
  "created": 1759703302.0844631
}