{
  "data": {
    "data": "value-1731"
  },
  "expires": 1759706902.437419,
  "created": 1759703302.437427
}