{
  "data": {
    "data": "value-657"
  },
  "expires": 1759706902.1646779,
  "created": 1759703302.1646879
}