{
  "data": {
    "data": "value-327"
  },
  "expires": 1759706902.080549,
  "created": 1759703302.080558
}