{
  "data": {
    "data": "value-824"
  },
  "expires": 1759706902.2073312,
  "created": 1759703302.207339
}