{
  "data": {
    "data": "value-912"
  },
  "expires": 1759706902.229882,
  "created": 1759703302.229892
}