{
  "data": {
    "data": "value-543"
  },
  "expires": 1759706902.135874,
  "created": 1759703302.135883
}