{
  "data": {
    "data": "value-1976"
  },
  "expires": 1759706902.5049531,
  "created": 1759703302.504961
}