{
  "data": {
    "data": "value-217"
  },
  "expires": 1759706902.051829,
  "created": 1759703302.051837
}