{
  "data": {
    "data": "value-994"
  },
  "expires": 1759706902.2504451,
  "created": 1759703302.250453
}