{
  "data": {
    "data": "value-564"
  },
  "expires": 1759706902.141023,
  "created": 1759703302.141031
}