{
  "data": {
    "data": "value-844"
  },
  "expires": 1759706902.212685,
  "created": 1759703302.212693
}