{
  "data": {
    "data": "value-1473"
  },
  "expires": 1759706902.371254,
  "created": 1759703302.3712618
}