{
  "data": {
    "data": "value-32"
  },
  "expires": 1759706902.003399,
  "created": 1759703302.003408
}