{
  "data": {
    "data": "value-476"
  },
  "expires": 1759706902.118839,
  "created": 1759703302.118847
}