{
  "data": {
    "data": "value-336"
  },
  "expires": 1759706902.082708,
  "created": 1759703302.082717
}