{
  "data": {
    "data": "value-0"
  },
  "expires": 1759706901.995404,
  "created": 1759703301.995411
}