{
  "data": {
    "data": "value-1842"
  },
  "expires": 1759706902.470769,
  "created": 1759703302.470777
}