{
  "data": {
    "data": "value-1169"
  },
  "expires": 1759706902.294859,
  "created": 1759703302.2948658
}