{
  "data": {
    "data": "value-1640"
  },
  "expires": 1759706902.414119,
  "created": 1759703302.414128
}