{
  "data": {
    "data": "value-379"
  },
  "expires": 1759706902.093833,
  "created": 1759703302.093843
}