{
  "data": {
    "data": "value-1356"
  },
  "expires": 1759706902.3414989,
  "created": 1759703302.3415082
}