{
  "data": {
    "data": "value-1125"
  },
  "expires": 1759706902.283669,
  "created": 1759703302.2836769
}