{
  "data": {
    "data": "value-244"
  },
  "expires": 1759706902.058282,
  "created": 1759703302.05829
}