{
  "data": {
    "data": "value-1452"
  },
  "expires": 1759706902.366354,
  "created": 1759703302.366362
}