{
  "data": {
    "data": "value-511"
  },
  "expires": 1759706902.1277592,
  "created": 1759703302.127769
}