{
  "data": {
    "data": "value-553"
  },
  "expires": 1759706902.138277,
  "created": 1759703302.138286
}