{
  "data": {
    "data": "value-629"
  },
  "expires": 1759706902.157151,
  "created": 1759703302.1571589
}