{
  "data": {
    "data": "value-886"
  },
  "expires": 1759706902.2231371,
  "created": 1759703302.223145
}