{
  "data": {
    "data": "value-518"
  },
  "expires": 1759706902.1295822,
  "created": 1759703302.129591
}