{
  "data": {
    "data": "value-768"
  },
  "expires": 1759706902.192776,
  "created": 1759703302.1927838
}