{
  "data": {
    "data": "value-1791"
  },
  "expires": 1759706902.452919,
  "created": 1759703302.452928
}