{
  "data": {
    "data": "value-1744"
  },
  "expires": 1759706902.440819,
  "created": 1759703302.440829
}