{
  "data": {
    "data": "value-736"
  },
  "expires": 1759706902.185122,
  "created": 1759703302.18513
}