{
  "data": {
    "data": "value-829"
  },
  "expires": 1759706902.208538,
  "created": 1759703302.2085462
}