{
  "data": {
    "data": "value-1677"
  },
  "expires": 1759706902.423469,
  "created": 1759703302.423477
}