{
  "data": {
    "data": "value-449"
  },
  "expires": 1759706902.112097,
  "created": 1759703302.112106
}