{
  "data": {
    "data": "value-1958"
  },
  "expires": 1759706902.5007029,
  "created": 1759703302.500711
}