{
  "data": {
    "data": "value-486"
  },
  "expires": 1759706902.1214988,
  "created": 1759703302.1215072
}