{
  "data": {
    "data": "value-185"
  },
  "expires": 1759706902.043638,
  "created": 1759703302.043648
}