{
  "data": {
    "data": "value-960"
  },
  "expires": 1759706902.2418208,
  "created": 1759703302.2418299
}