{
  "data": {
    "data": "value-1246"
  },
  "expires": 1759706902.314067,
  "created": 1759703302.314075
}