{
  "data": {
    "data": "value-1480"
  },
  "expires": 1759706902.373047,
  "created": 1759703302.373056
}