{
  "data": {
    "data": "value-539"
  },
  "expires": 1759706902.1348832,
  "created": 1759703302.134891
}