{
  "data": {
    "data": "value-933"
  },
  "expires": 1759706902.234914,
  "created": 1759703302.2349231
}