{
  "data": {
    "data": "value-1581"
  },
  "expires": 1759706902.398912,
  "created": 1759703302.3989198
}