{
  "data": {
    "data": "value-867"
  },
  "expires": 1759706902.218355,
  "created": 1759703302.218364
}