{
  "data": {
    "data": "value-1715"
  },
  "expires": 1759706902.433475,
  "created": 1759703302.433484
}