{
  "data": {
    "data": "value-1844"
  },
  "expires": 1759706902.4713118,
  "created": 1759703302.4713202
}