{
  "data": {
    "data": "value-892"
  },
  "expires": 1759706902.2245529,
  "created": 1759703302.224562
}