{
  "data": {
    "data": "value-682"
  },
  "expires": 1759706902.170861,
  "created": 1759703302.1709251
}