{
  "data": {
    "data": "value-1049"
  },
  "expires": 1759706902.2645729,
  "created": 1759703302.2645812
}