{
  "data": {
    "data": "value-772"
  },
  "expires": 1759706902.1939662,
  "created": 1759703302.194002
}