{
  "data": {
    "data": "value-1396"
  },
  "expires": 1759706902.351983,
  "created": 1759703302.351991
}