{
  "data": {
    "data": "value-567"
  },
  "expires": 1759706902.141747,
  "created": 1759703302.1417549
}