{
  "data": {
    "data": "value-646"
  },
  "expires": 1759706902.161747,
  "created": 1759703302.1617548
}