{
  "data": {
    "data": "value-701"
  },
  "expires": 1759706902.175775,
  "created": 1759703302.175783
}