{
  "data": {
    "data": "value-395"
  },
  "expires": 1759706902.097846,
  "created": 1759703302.097854
}