{
  "data": {
    "data": "value-1920"
  },
  "expires": 1759706902.490345,
  "created": 1759703302.4903529
}