{
  "data": {
    "data": "value-1197"
  },
  "expires": 1759706902.3017159,
  "created": 1759703302.301724
}