{
  "data": {
    "data": "value-50"
  },
  "expires": 1759706902.008022,
  "created": 1759703302.00803
}