{
  "data": {
    "data": "value-1478"
  },
  "expires": 1759706902.372416,
  "created": 1759703302.372424
}