{
  "data": {
    "data": "value-574"
  },
  "expires": 1759706902.143689,
  "created": 1759703302.143699
}