{
  "data": {
    "data": "value-105"
  },
  "expires": 1759706902.022197,
  "created": 1759703302.0222049
}