{
  "data": {
    "data": "value-485"
  },
  "expires": 1759706902.121235,
  "created": 1759703302.121244
}