{
  "data": {
    "data": "value-565"
  },
  "expires": 1759706902.141259,
  "created": 1759703302.141268
}