{
  "data": {
    "data": "value-692"
  },
  "expires": 1759706902.173451,
  "created": 1759703302.173459
}