{
  "data": {
    "data": "value-731"
  },
  "expires": 1759706902.183946,
  "created": 1759703302.183955
}