{
  "data": {
    "data": "value-1490"
  },
  "expires": 1759706902.375496,
  "created": 1759703302.375505
}