{
  "data": {
    "data": "value-1981"
  },
  "expires": 1759706902.506227,
  "created": 1759703302.5062358
}