{
  "data": {
    "data": "value-723"
  },
  "expires": 1759706902.1819808,
  "created": 1759703302.1819892
}