{
  "data": {
    "data": "value-1405"
  },
  "expires": 1759706902.3541892,
  "created": 1759703302.354197
}