{
  "data": {
    "data": "value-420"
  },
  "expires": 1759706902.103852,
  "created": 1759703302.103861
}