{
  "data": {
    "data": "value-211"
  },
  "expires": 1759706902.05043,
  "created": 1759703302.050438
}