{
  "data": {
    "data": "value-1548"
  },
  "expires": 1759706902.390481,
  "created": 1759703302.39049
}