{
  "data": {
    "data": "value-43"
  },
  "expires": 1759706902.0061069,
  "created": 1759703302.006115
}