{
  "data": {
    "data": "value-900"
  },
  "expires": 1759706902.22675,
  "created": 1759703302.22676
}