{
  "data": {
    "data": "value-698"
  },
  "expires": 1759706902.174965,
  "created": 1759703302.174973
}