{
  "data": {
    "data": "value-1309"
  },
  "expires": 1759706902.330071,
  "created": 1759703302.33008
}