{
  "data": {
    "data": "value-1664"
  },
  "expires": 1759706902.4202082,
  "created": 1759703302.420216
}