{
  "data": {
    "data": "value-1448"
  },
  "expires": 1759706902.3654232,
  "created": 1759703302.36543
}