{
  "data": {
    "data": "value-509"
  },
  "expires": 1759706902.127209,
  "created": 1759703302.127219
}