{
  "data": {
    "data": "value-792"
  },
  "expires": 1759706902.19932,
  "created": 1759703302.199328
}