{
  "data": {
    "data": "value-1365"
  },
  "expires": 1759706902.344405,
  "created": 1759703302.344522
}