{
  "data": {
    "data": "value-1130"
  },
  "expires": 1759706902.284977,
  "created": 1759703302.284986
}