{
  "data": {
    "data": "value-279"
  },
  "expires": 1759706902.0673752,
  "created": 1759703302.067383
}