{
  "data": {
    "data": "value-1926"
  },
  "expires": 1759706902.4918242,
  "created": 1759703302.491832
}