{
  "data": {
    "data": "value-173"
  },
  "expires": 1759706902.040117,
  "created": 1759703302.040125
}