{
  "data": {
    "data": "value-1891"
  },
  "expires": 1759706902.483226,
  "created": 1759703302.4832351
}