{
  "data": {
    "data": "value-255"
  },
  "expires": 1759706902.061482,
  "created": 1759703302.061492
}