{
  "data": {
    "data": "value-550"
  },
  "expires": 1759706902.137553,
  "created": 1759703302.137561
}