{
  "data": {
    "data": "value-1693"
  },
  "expires": 1759706902.427886,
  "created": 1759703302.427894
}