{
  "data": {
    "data": "value-1056"
  },
  "expires": 1759706902.266189,
  "created": 1759703302.266197
}