{
  "data": {
    "data": "value-1395"
  },
  "expires": 1759706902.35176,
  "created": 1759703302.351768
}