{
  "data": {
    "data": "value-1052"
  },
  "expires": 1759706902.265263,
  "created": 1759703302.265271
}