{
  "data": {
    "data": "value-1650"
  },
  "expires": 1759706902.416469,
  "created": 1759703302.416477
}