{
  "data": {
    "data": "value-1301"
  },
  "expires": 1759706902.327899,
  "created": 1759703302.327918
}