{
  "data": {
    "data": "value-610"
  },
  "expires": 1759706902.152596,
  "created": 1759703302.1526039
}