{
  "data": {
    "data": "value-1799"
  },
  "expires": 1759706902.4547808,
  "created": 1759703302.4547908
}