{
  "data": {
    "data": "value-532"
  },
  "expires": 1759706902.133028,
  "created": 1759703302.133037
}