{
  "data": {
    "data": "value-717"
  },
  "expires": 1759706902.1805031,
  "created": 1759703302.180513
}