{
  "data": {
    "data": "value-75"
  },
  "expires": 1759706902.014961,
  "created": 1759703302.014969
}