{
  "data": {
    "data": "value-563"
  },
  "expires": 1759706902.1407712,
  "created": 1759703302.14078
}