{
  "data": {
    "data": "value-239"
  },
  "expires": 1759706902.056996,
  "created": 1759703302.057004
}