{
  "data": {
    "data": "value-600"
  },
  "expires": 1759706902.150173,
  "created": 1759703302.1501818
}