{
  "data": {
    "data": "value-954"
  },
  "expires": 1759706902.240109,
  "created": 1759703302.240118
}