{
  "data": {
    "data": "value-569"
  },
  "expires": 1759706902.1422231,
  "created": 1759703302.142231
}