{
  "data": {
    "data": "value-989"
  },
  "expires": 1759706902.249207,
  "created": 1759703302.249215
}