{
  "data": {
    "data": "value-788"
  },
  "expires": 1759706902.198359,
  "created": 1759703302.1983669
}