{
  "data": {
    "data": "value-1280"
  },
  "expires": 1759706902.322199,
  "created": 1759703302.322208
}