{
  "data": {
    "data": "value-826"
  },
  "expires": 1759706902.2078269,
  "created": 1759703302.207835
}