{
  "data": {
    "data": "value-332"
  },
  "expires": 1759706902.081772,
  "created": 1759703302.08178
}