{
  "data": {
    "data": "value-910"
  },
  "expires": 1759706902.229326,
  "created": 1759703302.229335
}