{
  "data": {
    "data": "value-1879"
  },
  "expires": 1759706902.480413,
  "created": 1759703302.48042
}