{
  "data": {
    "data": "value-1961"
  },
  "expires": 1759706902.501388,
  "created": 1759703302.501396
}