{
  "data": {
    "data": "value-1186"
  },
  "expires": 1759706902.298955,
  "created": 1759703302.298964
}