{
  "data": {
    "data": "value-549"
  },
  "expires": 1759706902.13731,
  "created": 1759703302.1373188
}