{
  "data": {
    "data": "value-49"
  },
  "expires": 1759706902.007765,
  "created": 1759703302.007773
}