{
  "data": {
    "data": "value-1792"
  },
  "expires": 1759706902.4531531,
  "created": 1759703302.453162
}