{
  "data": {
    "data": "value-170"
  },
  "expires": 1759706902.039299,
  "created": 1759703302.0393212
}