{
  "data": {
    "data": "value-1670"
  },
  "expires": 1759706902.421768,
  "created": 1759703302.4217758
}