{
  "data": {
    "data": "value-570"
  },
  "expires": 1759706902.142455,
  "created": 1759703302.142463
}