{
  "data": {
    "data": "value-1251"
  },
  "expires": 1759706902.315317,
  "created": 1759703302.315325
}