{
  "data": {
    "data": "value-1611"
  },
  "expires": 1759706902.406494,
  "created": 1759703302.4065018
}