{
  "data": {
    "data": "value-1910"
  },
  "expires": 1759706902.487884,
  "created": 1759703302.487892
}