{
  "data": {
    "data": "value-1864"
  },
  "expires": 1759706902.475924,
  "created": 1759703302.475932
}