{
  "data": {
    "data": "value-1906"
  },
  "expires": 1759706902.486957,
  "created": 1759703302.486965
}