{
  "data": {
    "data": "value-928"
  },
  "expires": 1759706902.2337549,
  "created": 1759703302.233763
}