{
  "data": {
    "data": "value-172"
  },
  "expires": 1759706902.039875,
  "created": 1759703302.039883
}