{
  "data": {
    "data": "value-552"
  },
  "expires": 1759706902.138027,
  "created": 1759703302.138035
}