{
  "data": {
    "data": "value-651"
  },
  "expires": 1759706902.1630888,
  "created": 1759703302.163098
}