{
  "data": {
    "data": "value-898"
  },
  "expires": 1759706902.226041,
  "created": 1759703302.226049
}