{
  "data": {
    "data": "value-856"
  },
  "expires": 1759706902.2156858,
  "created": 1759703302.2156942
}