{
  "data": {
    "data": "value-1495"
  },
  "expires": 1759706902.377035,
  "created": 1759703302.377045
}