{
  "data": {
    "data": "value-1466"
  },
  "expires": 1759706902.36968,
  "created": 1759703302.369688
}