{
  "data": {
    "data": "value-498"
  },
  "expires": 1759706902.124348,
  "created": 1759703302.124356
}