{
  "data": {
    "data": "value-141"
  },
  "expires": 1759706902.032068,
  "created": 1759703302.0320761
}