{
  "data": {
    "data": "value-313"
  },
  "expires": 1759706902.075955,
  "created": 1759703302.0759628
}