{
  "data": {
    "data": "value-1927"
  },
  "expires": 1759706902.4920561,
  "created": 1759703302.492064
}