{
  "data": {
    "data": "value-1831"
  },
  "expires": 1759706902.468225,
  "created": 1759703302.4682329
}