{
  "data": {
    "data": "value-1538"
  },
  "expires": 1759706902.387685,
  "created": 1759703302.3876941
}