{
  "data": {
    "data": "value-1322"
  },
  "expires": 1759706902.333139,
  "created": 1759703302.333146
}