{
  "data": {
    "data": "value-1442"
  },
  "expires": 1759706902.3640409,
  "created": 1759703302.364049
}