{
  "data": {
    "data": "value-1098"
  },
  "expires": 1759706902.276167,
  "created": 1759703302.276175
}