{
  "data": {
    "data": "value-1868"
  },
  "expires": 1759706902.4774559,
  "created": 1759703302.477466
}