{
  "data": {
    "data": "value-1389"
  },
  "expires": 1759706902.350396,
  "created": 1759703302.350404
}