{
  "data": {
    "data": "value-798"
  },
  "expires": 1759706902.200842,
  "created": 1759703302.200851
}