{
  "data": {
    "data": "value-103"
  },
  "expires": 1759706902.021733,
  "created": 1759703302.0217412
}