{
  "data": {
    "data": "value-36"
  },
  "expires": 1759706902.00436,
  "created": 1759703302.0043678
}