{
  "data": {
    "data": "value-1330"
  },
  "expires": 1759706902.335066,
  "created": 1759703302.335074
}