{
  "data": {
    "data": "value-923"
  },
  "expires": 1759706902.232609,
  "created": 1759703302.232617
}