{
  "data": {
    "data": "value-1092"
  },
  "expires": 1759706902.274679,
  "created": 1759703302.274687
}