{
  "data": {
    "data": "value-827"
  },
  "expires": 1759706902.2080672,
  "created": 1759703302.208075
}