{
  "data": {
    "data": "value-351"
  },
  "expires": 1759706902.086315,
  "created": 1759703302.086323
}