{
  "data": {
    "data": "value-877"
  },
  "expires": 1759706902.220865,
  "created": 1759703302.2208729
}