{
  "data": {
    "data": "value-1383"
  },
  "expires": 1759706902.349013,
  "created": 1759703302.349021
}