{
  "data": {
    "data": "value-881"
  },
  "expires": 1759706902.221962,
  "created": 1759703302.221971
}