{
  "data": {
    "data": "value-691"
  },
  "expires": 1759706902.1732101,
  "created": 1759703302.173219
}