{
  "data": {
    "data": "value-7"
  },
  "expires": 1759706901.99714,
  "created": 1759703301.9971478
}