{
  "data": {
    "data": "value-390"
  },
  "expires": 1759706902.096679,
  "created": 1759703302.096687
}