{
  "data": {
    "data": "value-937"
  },
  "expires": 1759706902.235822,
  "created": 1759703302.23583
}