{
  "data": {
    "data": "value-825"
  },
  "expires": 1759706902.207572,
  "created": 1759703302.207581
}