{
  "data": {
    "data": "value-838"
  },
  "expires": 1759706902.2112179,
  "created": 1759703302.211227
}