{
  "data": {
    "data": "value-884"
  },
  "expires": 1759706902.222676,
  "created": 1759703302.222684
}