{
  "data": {
    "data": "value-594"
  },
  "expires": 1759706902.148696,
  "created": 1759703302.148704
}