{
  "data": {
    "data": "value-1818"
  },
  "expires": 1759706902.4651651,
  "created": 1759703302.465174
}