{
  "data": {
    "data": "value-426"
  },
  "expires": 1759706902.105543,
  "created": 1759703302.105552
}