{
  "data": {
    "data": "value-1619"
  },
  "expires": 1759706902.4085681,
  "created": 1759703302.408577
}