{
  "data": {
    "data": "value-1855"
  },
  "expires": 1759706902.473856,
  "created": 1759703302.4738638
}