{
  "data": {
    "data": "value-247"
  },
  "expires": 1759706902.058966,
  "created": 1759703302.058974
}