{
  "data": {
    "data": "value-194"
  },
  "expires": 1759706902.046186,
  "created": 1759703302.046195
}