{
  "data": {
    "data": "value-941"
  },
  "expires": 1759706902.236811,
  "created": 1759703302.23682
}