{
  "data": {
    "data": "value-560"
  },
  "expires": 1759706902.140033,
  "created": 1759703302.1400409
}