{
  "data": {
    "data": "value-992"
  },
  "expires": 1759706902.249985,
  "created": 1759703302.2499928
}