{
  "data": {
    "data": "value-1665"
  },
  "expires": 1759706902.420449,
  "created": 1759703302.420457
}