{
  "data": {
    "data": "value-1328"
  },
  "expires": 1759706902.334613,
  "created": 1759703302.334621
}