{
  "data": {
    "data": "value-360"
  },
  "expires": 1759706902.088493,
  "created": 1759703302.088502
}