{
  "data": {
    "data": "value-57"
  },
  "expires": 1759706902.0098932,
  "created": 1759703302.009902
}