{
  "data": {
    "data": "value-1067"
  },
  "expires": 1759706902.2687519,
  "created": 1759703302.26876
}