{
  "data": {
    "data": "value-1678"
  },
  "expires": 1759706902.423703,
  "created": 1759703302.423712
}