{
  "data": {
    "data": "value-699"
  },
  "expires": 1759706902.175211,
  "created": 1759703302.175219
}