{
  "data": {
    "data": "value-1633"
  },
  "expires": 1759706902.41237,
  "created": 1759703302.412378
}