{
  "data": {
    "data": "value-404"
  },
  "expires": 1759706902.099941,
  "created": 1759703302.0999491
}