{
  "data": {
    "data": "value-917"
  },
  "expires": 1759706902.231211,
  "created": 1759703302.23122
}