{
  "data": {
    "data": "value-314"
  },
  "expires": 1759706902.076509,
  "created": 1759703302.076523
}