{
  "data": {
    "data": "value-1561"
  },
  "expires": 1759706902.394183,
  "created": 1759703302.394193
}