{
  "data": {
    "data": "value-1313"
  },
  "expires": 1759706902.331029,
  "created": 1759703302.331037
}