{
  "data": {
    "data": "value-1593"
  },
  "expires": 1759706902.401827,
  "created": 1759703302.401835
}