{
  "data": {
    "data": "value-246"
  },
  "expires": 1759706902.05874,
  "created": 1759703302.058748
}