{
  "data": {
    "data": "value-1921"
  },
  "expires": 1759706902.490572,
  "created": 1759703302.49058
}