{
  "data": {
    "data": "value-1234"
  },
  "expires": 1759706902.3110201,
  "created": 1759703302.311029
}