{
  "data": {
    "data": "value-1036"
  },
  "expires": 1759706902.261398,
  "created": 1759703302.261407
}