{
  "data": {
    "data": "value-1240"
  },
  "expires": 1759706902.312605,
  "created": 1759703302.312615
}