{
  "data": {
    "data": "value-1406"
  },
  "expires": 1759706902.354421,
  "created": 1759703302.354429
}