{
  "data": {
    "data": "value-1700"
  },
  "expires": 1759706902.429667,
  "created": 1759703302.429717
}