{
  "data": {
    "data": "value-1714"
  },
  "expires": 1759706902.433229,
  "created": 1759703302.433237
}