{
  "data": {
    "data": "value-1856"
  },
  "expires": 1759706902.474087,
  "created": 1759703302.474095
}