{
  "data": {
    "data": "value-1122"
  },
  "expires": 1759706902.282913,
  "created": 1759703302.282922
}