{
  "data": {
    "data": "value-889"
  },
  "expires": 1759706902.22383,
  "created": 1759703302.2238379
}