{
  "data": {
    "data": "value-930"
  },
  "expires": 1759706902.234231,
  "created": 1759703302.23424
}