{
  "data": {
    "data": "value-1531"
  },
  "expires": 1759706902.385904,
  "created": 1759703302.3859122
}