{
  "data": {
    "data": "value-1129"
  },
  "expires": 1759706902.28471,
  "created": 1759703302.284719
}