{
  "data": {
    "data": "value-814"
  },
  "expires": 1759706902.204712,
  "created": 1759703302.204758
}