{
  "data": {
    "data": "value-301"
  },
  "expires": 1759706902.072698,
  "created": 1759703302.072706
}