{
  "data": {
    "data": "value-1535"
  },
  "expires": 1759706902.38691,
  "created": 1759703302.3869178
}