{
  "data": {
    "data": "value-389"
  },
  "expires": 1759706902.096443,
  "created": 1759703302.096452
}