{
  "data": {
    "data": "value-168"
  },
  "expires": 1759706902.038823,
  "created": 1759703302.0388322
}