{
  "data": {
    "data": "value-1909"
  },
  "expires": 1759706902.487653,
  "created": 1759703302.487662
}