{
  "data": {
    "data": "value-597"
  },
  "expires": 1759706902.1494122,
  "created": 1759703302.1494222
}