{
  "data": {
    "data": "value-665"
  },
  "expires": 1759706902.166631,
  "created": 1759703302.166639
}