{
  "data": {
    "data": "value-590"
  },
  "expires": 1759706902.147744,
  "created": 1759703302.147752
}