{
  "data": {
    "data": "value-1039"
  },
  "expires": 1759706902.2621171,
  "created": 1759703302.262125
}