{
  "data": {
    "data": "value-331"
  },
  "expires": 1759706902.081517,
  "created": 1759703302.081525
}