{
  "data": {
    "data": "value-815"
  },
  "expires": 1759706902.2050219,
  "created": 1759703302.2050319
}