{
  "data": {
    "data": "value-459"
  },
  "expires": 1759706902.114534,
  "created": 1759703302.114542
}