{
  "data": {
    "data": "value-435"
  },
  "expires": 1759706902.1077602,
  "created": 1759703302.107768
}