{
  "data": {
    "data": "value-138"
  },
  "expires": 1759706902.03126,
  "created": 1759703302.031269
}