{
  "data": {
    "data": "value-349"
  },
  "expires": 1759706902.0858529,
  "created": 1759703302.0858612
}