{
  "data": {
    "data": "value-1120"
  },
  "expires": 1759706902.282227,
  "created": 1759703302.2822359
}