{
  "data": {
    "data": "value-180"
  },
  "expires": 1759706902.041794,
  "created": 1759703302.041802
}