{
  "data": {
    "data": "value-340"
  },
  "expires": 1759706902.083741,
  "created": 1759703302.083749
}