{
  "data": {
    "data": "value-1220"
  },
  "expires": 1759706902.3071449,
  "created": 1759703302.307153
}