{
  "data": {
    "data": "value-1151"
  },
  "expires": 1759706902.290244,
  "created": 1759703302.290252
}