{
  "data": {
    "data": "value-1547"
  },
  "expires": 1759706902.390238,
  "created": 1759703302.390246
}