{
  "data": {
    "data": "value-1796"
  },
  "expires": 1759706902.454077,
  "created": 1759703302.454085
}