{
  "data": {
    "data": "value-750"
  },
  "expires": 1759706902.18851,
  "created": 1759703302.1885178
}