{
  "data": {
    "data": "value-1237"
  },
  "expires": 1759706902.3118222,
  "created": 1759703302.311831
}