{
  "data": {
    "data": "value-984"
  },
  "expires": 1759706902.248061,
  "created": 1759703302.248069
}