{
  "data": {
    "data": "value-1268"
  },
  "expires": 1759706902.319214,
  "created": 1759703302.319222
}