{
  "data": {
    "data": "value-479"
  },
  "expires": 1759706902.1196742,
  "created": 1759703302.119684
}