{
  "data": {
    "data": "value-1222"
  },
  "expires": 1759706902.3076138,
  "created": 1759703302.307622
}