{
  "data": {
    "data": "value-1893"
  },
  "expires": 1759706902.483708,
  "created": 1759703302.483716
}