{
  "data": {
    "data": "value-1121"
  },
  "expires": 1759706902.2826319,
  "created": 1759703302.282642
}