{
  "data": {
    "data": "value-1929"
  },
  "expires": 1759706902.492511,
  "created": 1759703302.492519
}