{
  "data": {
    "data": "value-335"
  },
  "expires": 1759706902.082478,
  "created": 1759703302.082487
}