{
  "data": {
    "data": "value-1815"
  },
  "expires": 1759706902.464183,
  "created": 1759703302.464191
}