{
  "data": {
    "data": "value-800"
  },
  "expires": 1759706902.201335,
  "created": 1759703302.201343
}