{
  "data": {
    "data": "value-773"
  },
  "expires": 1759706902.194432,
  "created": 1759703302.1944451
}