{
  "data": {
    "data": "value-1340"
  },
  "expires": 1759706902.3373911,
  "created": 1759703302.337399
}