{
  "data": {
    "data": "value-1606"
  },
  "expires": 1759706902.405181,
  "created": 1759703302.40519
}