{
  "data": {
    "data": "value-196"
  },
  "expires": 1759706902.0468748,
  "created": 1759703302.046884
}