{
  "data": {
    "data": "value-1100"
  },
  "expires": 1759706902.277045,
  "created": 1759703302.2771058
}