{
  "data": {
    "data": "value-1307"
  },
  "expires": 1759706902.329539,
  "created": 1759703302.3295481
}