{
  "data": {
    "data": "value-1205"
  },
  "expires": 1759706902.3036559,
  "created": 1759703302.3036642
}