{
  "data": {
    "data": "value-403"
  },
  "expires": 1759706902.099713,
  "created": 1759703302.099721
}