{
  "data": {
    "data": "value-1951"
  },
  "expires": 1759706902.499089,
  "created": 1759703302.499097
}