{
  "data": {
    "data": "value-169"
  },
  "expires": 1759706902.0390642,
  "created": 1759703302.039073
}