{
  "data": {
    "data": "value-484"
  },
  "expires": 1759706902.12095,
  "created": 1759703302.120959
}