{
  "data": {
    "data": "value-533"
  },
  "expires": 1759706902.13327,
  "created": 1759703302.133279
}