{
  "data": {
    "data": "value-1971"
  },
  "expires": 1759706902.5036721,
  "created": 1759703302.50368
}