{
  "data": {
    "data": "value-1656"
  },
  "expires": 1759706902.417988,
  "created": 1759703302.4179971
}