{
  "data": {
    "data": "value-1982"
  },
  "expires": 1759706902.506478,
  "created": 1759703302.5064871
}