{
  "data": {
    "data": "value-1193"
  },
  "expires": 1759706902.3007019,
  "created": 1759703302.30071
}