{
  "data": {
    "data": "value-1436"
  },
  "expires": 1759706902.362581,
  "created": 1759703302.362589
}