{
  "data": {
    "data": "value-1623"
  },
  "expires": 1759706902.4097311,
  "created": 1759703302.4097831
}