{
  "data": {
    "data": "value-1925"
  },
  "expires": 1759706902.491593,
  "created": 1759703302.4915998
}