{
  "data": {
    "data": "value-522"
  },
  "expires": 1759706902.130522,
  "created": 1759703302.13053
}