{
  "data": {
    "data": "value-1663"
  },
  "expires": 1759706902.419967,
  "created": 1759703302.4199748
}