{
  "data": {
    "data": "value-1767"
  },
  "expires": 1759706902.447073,
  "created": 1759703302.4470809
}