{
  "data": {
    "data": "value-1445"
  },
  "expires": 1759706902.3647292,
  "created": 1759703302.364737
}