{
  "data": {
    "data": "value-1978"
  },
  "expires": 1759706902.505425,
  "created": 1759703302.5054321
}