{
  "data": {
    "data": "value-1778"
  },
  "expires": 1759706902.449714,
  "created": 1759703302.449722
}