{
  "data": {
    "data": "value-1288"
  },
  "expires": 1759706902.324073,
  "created": 1759703302.324082
}