{
  "data": {
    "data": "value-23"
  },
  "expires": 1759706902.0011368,
  "created": 1759703302.0011451
}