{
  "data": {
    "data": "value-1563"
  },
  "expires": 1759706902.394683,
  "created": 1759703302.3946922
}