{
  "data": {
    "data": "value-411"
  },
  "expires": 1759706902.101567,
  "created": 1759703302.1015759
}