{
  "data": {
    "data": "value-921"
  },
  "expires": 1759706902.232146,
  "created": 1759703302.2321548
}