{
  "data": {
    "data": "value-1118"
  },
  "expires": 1759706902.281697,
  "created": 1759703302.281705
}