{
  "data": {
    "data": "value-481"
  },
  "expires": 1759706902.12016,
  "created": 1759703302.120168
}