{
  "data": {
    "data": "value-1346"
  },
  "expires": 1759706902.3388932,
  "created": 1759703302.338901
}