{
  "data": {
    "data": "value-323"
  },
  "expires": 1759706902.079413,
  "created": 1759703302.079422
}