{
  "data": {
    "data": "value-959"
  },
  "expires": 1759706902.2415628,
  "created": 1759703302.2415721
}