{
  "data": {
    "data": "value-1229"
  },
  "expires": 1759706902.3093739,
  "created": 1759703302.309383
}