{
  "data": {
    "data": "value-1930"
  },
  "expires": 1759706902.492836,
  "created": 1759703302.492932
}