{
  "data": {
    "data": "value-201"
  },
  "expires": 1759706902.048088,
  "created": 1759703302.048096
}