{
  "data": {
    "data": "value-1810"
  },
  "expires": 1759706902.462923,
  "created": 1759703302.462934
}