{
  "data": {
    "data": "value-315"
  },
  "expires": 1759706902.077122,
  "created": 1759703302.0771341
}