{
  "data": {
    "data": "value-1157"
  },
  "expires": 1759706902.291688,
  "created": 1759703302.291696
}