{
  "data": {
    "data": "value-1275"
  },
  "expires": 1759706902.320957,
  "created": 1759703302.320965
}