{
  "data": {
    "data": "value-1017"
  },
  "expires": 1759706902.256105,
  "created": 1759703302.256114
}