{
  "data": {
    "data": "value-1687"
  },
  "expires": 1759706902.425898,
  "created": 1759703302.425906
}