{
  "data": {
    "data": "value-1788"
  },
  "expires": 1759706902.45213,
  "created": 1759703302.452139
}