{
  "data": {
    "data": "value-660"
  },
  "expires": 1759706902.165445,
  "created": 1759703302.1654541
}