{
  "data": {
    "data": "value-287"
  },
  "expires": 1759706902.0692391,
  "created": 1759703302.069246
}