{
  "data": {
    "data": "value-483"
  },
  "expires": 1759706902.1206331,
  "created": 1759703302.120642
}