{
  "data": {
    "data": "value-1889"
  },
  "expires": 1759706902.482763,
  "created": 1759703302.482771
}