{
  "data": {
    "data": "value-541"
  },
  "expires": 1759706902.13539,
  "created": 1759703302.1353989
}