{
  "data": {
    "data": "value-1782"
  },
  "expires": 1759706902.450645,
  "created": 1759703302.4506528
}