{
  "data": {
    "data": "value-1278"
  },
  "expires": 1759706902.3217149,
  "created": 1759703302.321724
}