{
  "data": {
    "data": "value-1652"
  },
  "expires": 1759706902.4169412,
  "created": 1759703302.416949
}