{
  "data": {
    "data": "value-1415"
  },
  "expires": 1759706902.356606,
  "created": 1759703302.3566139
}