{
  "data": {
    "data": "value-1372"
  },
  "expires": 1759706902.346239,
  "created": 1759703302.346248
}