{
  "data": {
    "data": "value-973"
  },
  "expires": 1759706902.2454998,
  "created": 1759703302.2455082
}