{
  "data": {
    "data": "value-468"
  },
  "expires": 1759706902.1167848,
  "created": 1759703302.116794
}