{
  "data": {
    "data": "value-546"
  },
  "expires": 1759706902.136598,
  "created": 1759703302.136607
}