{
  "data": {
    "data": "value-1493"
  },
  "expires": 1759706902.3762088,
  "created": 1759703302.376218
}