{
  "data": {
    "data": "value-1716"
  },
  "expires": 1759706902.433722,
  "created": 1759703302.433731
}