{
  "data": {
    "data": "value-1496"
  },
  "expires": 1759706902.377326,
  "created": 1759703302.377336
}