{
  "data": {
    "data": "value-152"
  },
  "expires": 1759706902.0348449,
  "created": 1759703302.0348532
}