{
  "data": {
    "data": "value-1008"
  },
  "expires": 1759706902.2537658,
  "created": 1759703302.2537742
}