{
  "data": {
    "data": "value-1539"
  },
  "expires": 1759706902.3879192,
  "created": 1759703302.387927
}