{
  "data": {
    "data": "value-1142"
  },
  "expires": 1759706902.287935,
  "created": 1759703302.287943
}