{
  "data": {
    "data": "value-1789"
  },
  "expires": 1759706902.452369,
  "created": 1759703302.452378
}