{
  "data": {
    "data": "value-1479"
  },
  "expires": 1759706902.3726468,
  "created": 1759703302.372654
}