{
  "data": {
    "data": "value-1162"
  },
  "expires": 1759706902.2930272,
  "created": 1759703302.293092
}