{
  "data": {
    "data": "value-257"
  },
  "expires": 1759706902.06201,
  "created": 1759703302.0620182
}