{
  "data": {
    "data": "value-1457"
  },
  "expires": 1759706902.367595,
  "created": 1759703302.3676028
}