{
  "data": {
    "data": "value-1682"
  },
  "expires": 1759706902.424629,
  "created": 1759703302.4246368
}