{
  "data": {
    "data": "value-1621"
  },
  "expires": 1759706902.409067,
  "created": 1759703302.409075
}