{
  "data": {
    "data": "value-422"
  },
  "expires": 1759706902.104327,
  "created": 1759703302.104335
}