{
  "data": {
    "data": "value-1376"
  },
  "expires": 1759706902.347301,
  "created": 1759703302.34731
}