{
  "data": {
    "data": "value-177"
  },
  "expires": 1759706902.0410829,
  "created": 1759703302.041091
}