{
  "data": {
    "data": "value-631"
  },
  "expires": 1759706902.15763,
  "created": 1759703302.1576378
}