{
  "data": {
    "data": "value-1632"
  },
  "expires": 1759706902.41213,
  "created": 1759703302.412138
}