{
  "data": {
    "data": "value-1342"
  },
  "expires": 1759706902.3378508,
  "created": 1759703302.3378592
}