{
  "data": {
    "data": "value-1003"
  },
  "expires": 1759706902.2525928,
  "created": 1759703302.252602
}