{
  "data": {
    "data": "value-1527"
  },
  "expires": 1759706902.384973,
  "created": 1759703302.384982
}