{
  "data": {
    "data": "value-944"
  },
  "expires": 1759706902.237546,
  "created": 1759703302.237555
}