{
  "data": {
    "data": "value-1334"
  },
  "expires": 1759706902.33601,
  "created": 1759703302.3360178
}