{
  "data": {
    "data": "value-166"
  },
  "expires": 1759706902.038323,
  "created": 1759703302.038333
}