{
  "data": {
    "data": "value-143"
  },
  "expires": 1759706902.032562,
  "created": 1759703302.0325701
}