{
  "data": {
    "data": "value-24"
  },
  "expires": 1759706902.001478,
  "created": 1759703302.001487
}