{
  "data": {
    "data": "value-714"
  },
  "expires": 1759706902.179744,
  "created": 1759703302.1797519
}