{
  "data": {
    "data": "value-151"
  },
  "expires": 1759706902.034605,
  "created": 1759703302.034614
}