{
  "data": {
    "data": "value-1612"
  },
  "expires": 1759706902.406729,
  "created": 1759703302.4067369
}