{
  "data": {
    "data": "value-19"
  },
  "expires": 1759706902.000152,
  "created": 1759703302.00016
}