{
  "data": {
    "data": "value-1987"
  },
  "expires": 1759706902.507872,
  "created": 1759703302.507881
}