{
  "data": {
    "data": "value-689"
  },
  "expires": 1759706902.1726751,
  "created": 1759703302.172683
}