{
  "data": {
    "data": "value-4"
  },
  "expires": 1759706901.996418,
  "created": 1759703301.9964259
}