{
  "data": {
    "data": "value-1227"
  },
  "expires": 1759706902.3088949,
  "created": 1759703302.308903
}