{
  "data": {
    "data": "value-1451"
  },
  "expires": 1759706902.366127,
  "created": 1759703302.366136
}