{
  "data": {
    "data": "value-135"
  },
  "expires": 1759706902.030468,
  "created": 1759703302.030477
}