{
  "data": {
    "data": "value-1807"
  },
  "expires": 1759706902.456845,
  "created": 1759703302.456853
}