{
  "data": {
    "data": "value-1866"
  },
  "expires": 1759706902.4765172,
  "created": 1759703302.476553
}