{
  "data": {
    "data": "value-1233"
  },
  "expires": 1759706902.310765,
  "created": 1759703302.310774
}