{
  "data": {
    "data": "value-774"
  },
  "expires": 1759706902.1948009,
  "created": 1759703302.1948109
}