{
  "data": {
    "data": "value-1642"
  },
  "expires": 1759706902.414588,
  "created": 1759703302.414596
}