{
  "data": {
    "data": "value-1033"
  },
  "expires": 1759706902.2604392,
  "created": 1759703302.260451
}