{
  "data": {
    "data": "value-1614"
  },
  "expires": 1759706902.407265,
  "created": 1759703302.407275
}