{
  "data": {
    "data": "value-1101"
  },
  "expires": 1759706902.277409,
  "created": 1759703302.277419
}