{
  "data": {
    "data": "value-649"
  },
  "expires": 1759706902.162476,
  "created": 1759703302.162485
}