{
  "data": {
    "data": "value-1487"
  },
  "expires": 1759706902.374766,
  "created": 1759703302.374774
}