{
  "data": {
    "data": "value-1202"
  },
  "expires": 1759706902.3029382,
  "created": 1759703302.302946
}