{
  "data": {
    "data": "value-362"
  },
  "expires": 1759706902.089025,
  "created": 1759703302.089037
}