{
  "data": {
    "data": "value-112"
  },
  "expires": 1759706902.023811,
  "created": 1759703302.02382
}