{
  "data": {
    "data": "value-204"
  },
  "expires": 1759706902.04881,
  "created": 1759703302.0488179
}