{
  "data": {
    "data": "value-1368"
  },
  "expires": 1759706902.345296,
  "created": 1759703302.3453052
}