{
  "data": {
    "data": "value-1914"
  },
  "expires": 1759706902.488947,
  "created": 1759703302.4889548
}