{
  "data": {
    "data": "value-1367"
  },
  "expires": 1759706902.345048,
  "created": 1759703302.345057
}