{
  "data": {
    "data": "value-851"
  },
  "expires": 1759706902.2145212,
  "created": 1759703302.214529
}