{
  "data": {
    "data": "value-312"
  },
  "expires": 1759706902.075707,
  "created": 1759703302.075715
}