{
  "data": {
    "data": "value-620"
  },
  "expires": 1759706902.15494,
  "created": 1759703302.15495
}