{
  "data": {
    "data": "value-290"
  },
  "expires": 1759706902.069928,
  "created": 1759703302.069935
}