{
  "data": {
    "data": "value-846"
  },
  "expires": 1759706902.213322,
  "created": 1759703302.213331
}