{
  "data": {
    "data": "value-1835"
  },
  "expires": 1759706902.4691389,
  "created": 1759703302.469147
}