{
  "data": {
    "data": "value-668"
  },
  "expires": 1759706902.16734,
  "created": 1759703302.167349
}