{
  "data": {
    "data": "value-1863"
  },
  "expires": 1759706902.475693,
  "created": 1759703302.475701
}