{
  "data": {
    "data": "value-606"
  },
  "expires": 1759706902.151677,
  "created": 1759703302.1516852
}