{
  "data": {
    "data": "value-893"
  },
  "expires": 1759706902.224873,
  "created": 1759703302.224881
}