{
  "data": {
    "data": "value-535"
  },
  "expires": 1759706902.133745,
  "created": 1759703302.133753
}