{
  "data": {
    "data": "value-458"
  },
  "expires": 1759706902.114298,
  "created": 1759703302.114306
}