{
  "data": {
    "data": "value-357"
  },
  "expires": 1759706902.08768,
  "created": 1759703302.087688
}