{
  "data": {
    "data": "value-399"
  },
  "expires": 1759706902.098794,
  "created": 1759703302.0988019
}