{
  "data": {
    "data": "value-677"
  },
  "expires": 1759706902.169615,
  "created": 1759703302.1696231
}