{
  "data": {
    "data": "value-1047"
  },
  "expires": 1759706902.264098,
  "created": 1759703302.264106
}