{
  "data": {
    "data": "value-1243"
  },
  "expires": 1759706902.3133671,
  "created": 1759703302.313375
}