{
  "data": {
    "data": "value-1974"
  },
  "expires": 1759706902.5044742,
  "created": 1759703302.504482
}