{
  "data": {
    "data": "value-1508"
  },
  "expires": 1759706902.380557,
  "created": 1759703302.380565
}