{
  "data": {
    "data": "value-1506"
  },
  "expires": 1759706902.380079,
  "created": 1759703302.3800871
}