{
  "data": {
    "data": "value-1477"
  },
  "expires": 1759706902.372185,
  "created": 1759703302.372193
}