{
  "data": {
    "data": "value-1638"
  },
  "expires": 1759706902.413652,
  "created": 1759703302.4136598
}