{
  "data": {
    "data": "value-1507"
  },
  "expires": 1759706902.38032,
  "created": 1759703302.380328
}