{
  "data": {
    "data": "value-488"
  },
  "expires": 1759706902.121979,
  "created": 1759703302.121988
}