{
  "data": {
    "data": "value-55"
  },
  "expires": 1759706902.009207,
  "created": 1759703302.0092149
}