{
  "data": {
    "data": "value-1182"
  },
  "expires": 1759706902.298002,
  "created": 1759703302.2980108
}