{
  "data": {
    "data": "value-304"
  },
  "expires": 1759706902.073497,
  "created": 1759703302.073506
}