{
  "data": {
    "data": "value-418"
  },
  "expires": 1759706902.103376,
  "created": 1759703302.103385
}