{
  "data": {
    "data": "value-1102"
  },
  "expires": 1759706902.277689,
  "created": 1759703302.277698
}