{
  "data": {
    "data": "value-375"
  },
  "expires": 1759706902.0923488,
  "created": 1759703302.0923579
}