{
  "data": {
    "data": "value-241"
  },
  "expires": 1759706902.0574698,
  "created": 1759703302.057478
}