{
  "data": {
    "data": "value-742"
  },
  "expires": 1759706902.186501,
  "created": 1759703302.1865091
}