{
  "data": {
    "data": "value-448"
  },
  "expires": 1759706902.11182,
  "created": 1759703302.11183
}