{
  "data": {
    "data": "value-512"
  },
  "expires": 1759706902.128057,
  "created": 1759703302.128066
}