{
  "data": {
    "data": "value-223"
  },
  "expires": 1759706902.053296,
  "created": 1759703302.053304
}