{
  "data": {
    "data": "value-359"
  },
  "expires": 1759706902.088233,
  "created": 1759703302.088243
}