{
  "data": {
    "data": "value-557"
  },
  "expires": 1759706902.139318,
  "created": 1759703302.1393259
}