{
  "data": {
    "data": "value-1625"
  },
  "expires": 1759706902.410382,
  "created": 1759703302.41039
}