{
  "data": {
    "data": "value-500"
  },
  "expires": 1759706902.1248052,
  "created": 1759703302.124814
}