{
  "data": {
    "data": "value-1549"
  },
  "expires": 1759706902.390722,
  "created": 1759703302.39073
}