{
  "data": {
    "data": "value-676"
  },
  "expires": 1759706902.169375,
  "created": 1759703302.1693828
}