{
  "data": {
    "data": "value-1669"
  },
  "expires": 1759706902.421521,
  "created": 1759703302.42153
}