{
  "data": {
    "data": "value-1968"
  },
  "expires": 1759706902.502976,
  "created": 1759703302.502984
}