{
  "data": {
    "data": "value-1739"
  },
  "expires": 1759706902.4394612,
  "created": 1759703302.439469
}