{
  "data": {
    "data": "value-1515"
  },
  "expires": 1759706902.382205,
  "created": 1759703302.382213
}