{
  "data": {
    "data": "value-1917"
  },
  "expires": 1759706902.4896371,
  "created": 1759703302.489645
}