{
  "data": {
    "data": "value-1798"
  },
  "expires": 1759706902.454539,
  "created": 1759703302.454547
}