{
  "data": {
    "data": "value-756"
  },
  "expires": 1759706902.189941,
  "created": 1759703302.189949
}