{
  "data": {
    "data": "value-1029"
  },
  "expires": 1759706902.258982,
  "created": 1759703302.25899
}