{
  "data": {
    "data": "value-605"
  },
  "expires": 1759706902.15144,
  "created": 1759703302.151448
}