{
  "data": {
    "data": "value-1041"
  },
  "expires": 1759706902.2625978,
  "created": 1759703302.2626061
}