{
  "data": {
    "data": "value-1576"
  },
  "expires": 1759706902.39775,
  "created": 1759703302.397758
}