{
  "data": {
    "data": "value-1325"
  },
  "expires": 1759706902.333825,
  "created": 1759703302.333833
}