{
  "data": {
    "data": "value-991"
  },
  "expires": 1759706902.249755,
  "created": 1759703302.249763
}