{
  "data": {
    "data": "value-218"
  },
  "expires": 1759706902.052057,
  "created": 1759703302.0520651
}