{
  "data": {
    "data": "value-664"
  },
  "expires": 1759706902.166396,
  "created": 1759703302.166404
}