{
  "data": {
    "data": "value-613"
  },
  "expires": 1759706902.153276,
  "created": 1759703302.153283
}