{
  "data": {
    "data": "value-225"
  },
  "expires": 1759706902.053758,
  "created": 1759703302.0537658
}