{
  "data": {
    "data": "value-700"
  },
  "expires": 1759706902.175447,
  "created": 1759703302.175456
}