{
  "data": {
    "data": "value-794"
  },
  "expires": 1759706902.199797,
  "created": 1759703302.199806
}