{
  "data": {
    "data": "value-1651"
  },
  "expires": 1759706902.416703,
  "created": 1759703302.416712
}