{
  "data": {
    "data": "value-406"
  },
  "expires": 1759706902.100396,
  "created": 1759703302.100404
}