{
  "data": {
    "data": "value-760"
  },
  "expires": 1759706902.190866,
  "created": 1759703302.190874
}