{
  "data": {
    "data": "value-1708"
  },
  "expires": 1759706902.431575,
  "created": 1759703302.431583
}