{
  "data": {
    "data": "value-1757"
  },
  "expires": 1759706902.444583,
  "created": 1759703302.4445922
}