{
  "data": {
    "data": "value-1765"
  },
  "expires": 1759706902.446499,
  "created": 1759703302.446507
}