{
  "data": {
    "data": "value-222"
  },
  "expires": 1759706902.0530639,
  "created": 1759703302.053072
}