{
  "data": {
    "data": "value-65"
  },
  "expires": 1759706902.012379,
  "created": 1759703302.012387
}