{
  "data": {
    "data": "value-25"
  },
  "expires": 1759706902.001722,
  "created": 1759703302.00173
}