{
  "data": {
    "data": "value-1643"
  },
  "expires": 1759706902.4148211,
  "created": 1759703302.414829
}