{
  "data": {
    "data": "value-460"
  },
  "expires": 1759706902.114849,
  "created": 1759703302.114858
}