{
  "data": {
    "data": "value-86"
  },
  "expires": 1759706902.01755,
  "created": 1759703302.017559
}