{
  "data": {
    "data": "value-1536"
  },
  "expires": 1759706902.387147,
  "created": 1759703302.387177
}