{
  "data": {
    "data": "value-652"
  },
  "expires": 1759706902.163427,
  "created": 1759703302.163436
}