{
  "data": {
    "data": "value-1359"
  },
  "expires": 1759706902.342356,
  "created": 1759703302.3423638
}