{
  "data": {
    "data": "value-9"
  },
  "expires": 1759706901.9977012,
  "created": 1759703301.997712
}