{
  "data": {
    "data": "value-69"
  },
  "expires": 1759706902.0134091,
  "created": 1759703302.013417
}