{
  "data": {
    "data": "value-1846"
  },
  "expires": 1759706902.471776,
  "created": 1759703302.4717839
}