{
  "data": {
    "data": "value-264"
  },
  "expires": 1759706902.063693,
  "created": 1759703302.063702
}