{
  "data": {
    "data": "value-1482"
  },
  "expires": 1759706902.373564,
  "created": 1759703302.373572
}