{
  "data": {
    "data": "value-226"
  },
  "expires": 1759706902.053984,
  "created": 1759703302.053992
}