{
  "data": {
    "data": "value-1217"
  },
  "expires": 1759706902.306449,
  "created": 1759703302.306457
}