{
  "data": {
    "data": "value-160"
  },
  "expires": 1759706902.036766,
  "created": 1759703302.036774
}