{
  "data": {
    "data": "value-1126"
  },
  "expires": 1759706902.283916,
  "created": 1759703302.2839239
}