{
  "data": {
    "data": "value-350"
  },
  "expires": 1759706902.086085,
  "created": 1759703302.086093
}