{
  "data": {
    "data": "value-1814"
  },
  "expires": 1759706902.463934,
  "created": 1759703302.463943
}