{
  "data": {
    "data": "value-759"
  },
  "expires": 1759706902.190638,
  "created": 1759703302.190646
}