{
  "data": {
    "data": "value-832"
  },
  "expires": 1759706902.209225,
  "created": 1759703302.209234
}