{
  "data": {
    "data": "value-59"
  },
  "expires": 1759706902.0105898,
  "created": 1759703302.010599
}