{
  "data": {
    "data": "value-1924"
  },
  "expires": 1759706902.4913669,
  "created": 1759703302.491374
}