{
  "data": {
    "data": "value-71"
  },
  "expires": 1759706902.0138738,
  "created": 1759703302.0138822
}