{
  "data": {
    "data": "value-193"
  },
  "expires": 1759706902.045812,
  "created": 1759703302.04582
}