{
  "data": {
    "data": "value-1811"
  },
  "expires": 1759706902.463178,
  "created": 1759703302.463187
}