{
  "data": {
    "data": "value-1488"
  },
  "expires": 1759706902.3750012,
  "created": 1759703302.375008
}