{
  "data": {
    "data": "value-608"
  },
  "expires": 1759706902.152137,
  "created": 1759703302.152145
}