{
  "data": {
    "data": "value-683"
  },
  "expires": 1759706902.171169,
  "created": 1759703302.171177
}