{
  "data": {
    "data": "value-702"
  },
  "expires": 1759706902.1760151,
  "created": 1759703302.176024
}