{
  "data": {
    "data": "value-922"
  },
  "expires": 1759706902.2323751,
  "created": 1759703302.232383
}