{
  "data": {
    "data": "value-1332"
  },
  "expires": 1759706902.3355289,
  "created": 1759703302.335537
}