{
  "data": {
    "data": "value-1015"
  },
  "expires": 1759706902.255531,
  "created": 1759703302.25554
}