{
  "data": {
    "data": "value-781"
  },
  "expires": 1759706902.196599,
  "created": 1759703302.196608
}