{
  "data": {
    "data": "value-1209"
  },
  "expires": 1759706902.3045728,
  "created": 1759703302.3045812
}